Country,1990-Urban_Population,1995-Urban_Population,2000-Urban_Population,2005-Urban_Population,2010-Urban_Population,2011-Urban_Population,2012-Urban_Population,2013-Urban_Population,2014-Urban_Population,2015-Urban_Population,2016-Urban_Population,2017-Urban_Population,2018-Urban_Population,2019-Urban_Population,1990-Total_Population,1995-Total_Population,2000-Total_Population,2005-Total_Population,2010-Total_Population,2011-Total_Population,2012-Total_Population,2013-Total_Population,2014-Total_Population,2015-Total_Population,2016-Total_Population,2017-Total_Population,2018-Total_Population,2019-Total_Population,2030-Total_Population,1990-Young_age_dependency_ratio,1995-Young_age_dependency_ratio,2000-Young_age_dependency_ratio,2005-Young_age_dependency_ratio,2010-Young_age_dependency_ratio,2011-Young_age_dependency_ratio,2012-Young_age_dependency_ratio,2013-Young_age_dependency_ratio,2014-Young_age_dependency_ratio,2015-Young_age_dependency_ratio,2016-Young_age_dependency_ratio,2017-Young_age_dependency_ratio,2018-Young_age_dependency_ratio,2019-Young_age_dependency_ratio,1990-Median_age,1995-Median_age,2000-Median_age,2005-Median_age,2010-Median_age,2015-Median_age,2020-Median_age,2011-Median_age,2012-Median_age,2013-Median_age,2014-Median_age,2016-Median_age,2017-Median_age,2018-Median_age,2019-Median_age,1990-Population_ages_15_64,1995-Population_ages_15_64,2000-Population_ages_15_64,2005-Population_ages_15_64,2010-Population_ages_15_64,2011-Population_ages_15_64,2012-Population_ages_15_64,2013-Population_ages_15_64,2014-Population_ages_15_64,2015-Population_ages_15_64,2016-Population_ages_15_64,2017-Population_ages_15_64,2018-Population_ages_15_64,2019-Population_ages_15_64,1990-Old_age_dependency_ratio,1995-Old_age_dependency_ratio,2000-Old_age_dependency_ratio,2005-Old_age_dependency_ratio,2010-Old_age_dependency_ratio,2011-Old_age_dependency_ratio,2012-Old_age_dependency_ratio,2013-Old_age_dependency_ratio,2014-Old_age_dependency_ratio,2015-Old_age_dependency_ratio,2016-Old_age_dependency_ratio,2017-Old_age_dependency_ratio,2018-Old_age_dependency_ratio,2019-Old_age_dependency_ratio,1990-Population_under_age_5,1995-Population_under_age_5,2000-Population_under_age_5,2005-Population_under_age_5,2010-Population_under_age_5,2011-Population_under_age_5,2012-Population_under_age_5,2013-Population_under_age_5,2014-Population_under_age_5,2015-Population_under_age_5,2016-Population_under_age_5,2017-Population_under_age_5,2018-Population_under_age_5,2019-Population_under_age_5,1990-Population _ages_65 _and _older,1995-Population _ages_65 _and _older,2000-Population _ages_65 _and _older,2005-Population _ages_65 _and _older,2010-Population _ages_65 _and _older,2011-Population _ages_65 _and _older,2012-Population _ages_65 _and _older,2013-Population _ages_65 _and _older,2014-Population _ages_65 _and _older,2015-Population _ages_65 _and _older,2016-Population _ages_65 _and _older,2017-Population _ages_65 _and _older,2018-Population _ages_65 _and _older,2019-Population _ages_65 _and _older
 Albania,36.4,38.9,41.7,46.7,52.2,53.2,54.3,55.4,56.4,57.4,58.4,59.4,60.3,61.2,3.3,3.1,3.1,3.1,2.9,2.9,2.9,2.9,2.9,2.9,2.9,2.9,2.9,2.9,2.8,53.1,53.8,48.5,40.8,33.6,31.8,30.3,29.0,28.0,27.2,26.8,26.3,25.8,25.4,24.0,24.6,27.0,29.1,32.2,34.9,36.4,32.7,33.3,33.8,34.4,35.2,35.5,35.8,36.1,2.0,1.9,2.0,2.0,2.0,2.0,2.0,2.0,2.0,2.0,2.0,2.0,2.0,2.0,8.9,10.6,11.3,13.1,15.9,16.3,16.7,17.2,17.8,18.4,18.9,19.4,20.0,20.8,0.4,0.3,0.3,0.2,0.2,0.2,0.2,0.2,0.2,0.2,0.2,0.2,0.2,0.2,0.2,0.2,0.2,0.3,0.3,0.3,0.3,0.3,0.4,0.4,0.4,0.4,0.4,0.4
 Algeria,52.1,56.0,59.9,63.8,67.5,68.2,68.9,69.6,70.2,70.8,71.5,72.1,72.6,73.2,25.8,28.8,31.0,33.1,36.0,36.7,37.4,38.1,38.9,39.7,40.6,41.4,42.2,43.1,50.4,81.3,70.2,56.0,44.3,40.6,41.0,41.4,42.0,42.8,43.9,44.9,46.2,47.5,48.6,18.0,19.4,21.7,24.1,26.0,27.5,28.5,26.3,26.6,26.9,27.2,27.7,27.9,28.1,28.3,13.7,16.3,19.0,21.8,24.2,24.6,25.0,25.3,25.7,26.0,26.3,26.6,26.8,27.1,6.3,6.4,7.0,7.5,8.1,8.2,8.3,8.5,8.7,9.0,9.3,9.6,10.0,10.4,4.0,3.7,3.1,3.0,3.9,4.1,4.3,4.4,4.5,4.7,4.7,4.8,5.0,5.0,0.9,1.0,1.3,1.6,2.0,2.0,2.1,2.1,2.2,2.3,2.4,2.6,2.7,2.8
 Angola,37.1,44.2,50.1,56.0,59.8,60.5,61.3,62.0,62.7,63.4,64.1,64.8,65.5,66.2,11.8,13.9,16.4,19.4,23.4,24.2,25.1,26.0,26.9,27.9,28.8,29.8,30.8,31.8,44.8,95.2,95.4,94.0,92.7,93.0,93.3,93.5,93.5,93.4,93.1,92.8,92.4,91.8,91.1,16.1,16.1,16.3,16.4,16.4,16.4,16.7,16.4,16.4,16.4,16.4,16.5,16.5,16.6,16.6,5.9,7.0,8.2,9.8,11.8,12.2,12.7,13.1,13.6,14.1,14.6,15.1,15.7,16.3,4.9,5.1,5.1,5.0,4.7,4.6,4.6,4.6,4.6,4.5,4.5,4.4,4.3,4.3,2.3,2.7,3.1,3.7,4.5,4.6,4.8,4.9,5.1,5.2,5.3,5.4,5.6,5.7,0.3,0.4,0.4,0.5,0.6,0.6,0.6,0.6,0.6,0.6,0.7,0.7,0.7,0.7
 Antigua and Barbuda,35.4,34.0,32.1,29.2,26.2,25.7,25.5,25.4,25.2,25.0,24.8,24.7,24.6,24.5,0.1,0.1,0.1,0.1,0.1,0.1,0.1,0.1,0.1,0.1,0.1,0.1,0.1,0.1,0.1,50.3,47.4,44.3,39.9,35.6,35.1,34.4,33.7,33.1,32.6,32.4,32.1,31.9,31.8,25.2,26.5,28.1,29.5,31.1,32.6,34.0,31.4,31.7,32.0,32.3,32.9,33.2,33.4,33.7,0.0,0.0,0.0,0.1,0.1,0.1,0.1,0.1,0.1,0.1,0.1,0.1,0.1,0.1,13.0,11.6,10.2,10.5,10.8,10.9,11.1,11.3,11.5,11.8,12.1,12.4,12.7,13.1,0.0,0.0,0.0,0.0,0.0,0.0,0.0,0.0,0.0,0.0,0.0,0.0,0.0,0.0,0.0,0.0,0.0,0.0,0.0,0.0,0.0,0.0,0.0,0.0,0.0,0.0,0.0,0.0
 Argentina,87.0,88.2,89.1,90.0,90.8,91.0,91.1,91.2,91.4,91.5,91.6,91.7,91.9,92.0,32.6,34.8,36.9,38.9,40.9,41.3,41.8,42.2,42.6,43.1,43.5,43.9,44.4,44.8,49.1,51.1,48.5,46.0,43.4,40.8,40.4,40.1,39.9,39.6,39.4,39.1,38.9,38.6,38.3,27.0,27.1,27.6,28.5,29.6,30.5,31.5,29.8,30.0,30.1,30.3,30.7,30.9,31.1,31.3,19.7,21.2,22.8,24.4,26.1,26.4,26.7,27.0,27.3,27.6,27.9,28.2,28.4,28.7,14.8,15.4,15.7,15.7,16.0,16.1,16.3,16.4,16.6,16.7,17.0,17.1,17.3,17.5,3.5,3.6,3.5,3.6,3.6,3.6,3.6,3.7,3.7,3.7,3.7,3.7,3.7,3.7,2.9,3.3,3.6,3.8,4.2,4.3,4.3,4.4,4.5,4.6,4.7,4.8,4.9,5.0
 Armenia,67.4,66.1,64.7,63.9,63.4,63.3,63.2,63.2,63.1,63.1,63.1,63.1,63.1,63.2,3.5,3.2,3.1,3.0,2.9,2.9,2.9,2.9,2.9,2.9,2.9,2.9,3.0,3.0,3.0,46.7,46.9,40.2,32.2,28.0,27.9,28.0,28.3,28.7,29.1,29.5,29.9,30.3,30.7,27.2,29.4,30.6,31.8,32.9,33.8,35.4,33.1,33.3,33.4,33.6,34.1,34.4,34.8,35.1,2.3,2.0,2.0,2.0,2.0,2.0,2.0,2.0,2.0,2.0,2.0,2.0,2.0,2.0,8.8,13.4,15.6,17.9,15.8,15.6,15.5,15.6,15.6,15.8,16.0,16.2,16.5,16.9,0.4,0.3,0.2,0.2,0.2,0.2,0.2,0.2,0.2,0.2,0.2,0.2,0.2,0.2,0.2,0.3,0.3,0.4,0.3,0.3,0.3,0.3,0.3,0.3,0.3,0.3,0.3,0.3
 Australia,85.4,84.9,84.2,84.6,85.2,85.3,85.4,85.5,85.6,85.7,85.8,85.9,86.0,86.1,17.0,18.0,19.0,20.2,22.2,22.5,22.9,23.3,23.6,23.9,24.3,24.6,24.9,25.2,28.2,33.0,32.4,31.3,29.4,28.2,28.3,28.3,28.3,28.4,28.5,28.8,29.1,29.5,29.7,32.1,33.6,35.4,36.5,36.8,37.2,37.9,36.9,37.0,37.0,37.1,37.3,37.5,37.6,37.8,11.3,12.0,12.7,13.6,15.0,15.2,15.4,15.5,15.7,15.9,16.0,16.1,16.2,16.3,16.5,17.8,18.4,19.1,19.8,20.2,20.8,21.3,21.9,22.4,23.0,23.5,24.0,24.6,1.3,1.3,1.3,1.3,1.5,1.5,1.5,1.5,1.6,1.6,1.6,1.6,1.6,1.7,1.9,2.1,2.3,2.6,3.0,3.1,3.2,3.3,3.4,3.6,3.7,3.8,3.9,4.0
 Austria,63.0,61.6,60.2,58.8,57.4,57.1,57.1,57.3,57.5,57.7,57.9,58.1,58.3,58.5,7.7,8.0,8.1,8.3,8.4,8.5,8.5,8.6,8.6,8.7,8.7,8.8,8.9,9.0,9.2,24.8,26.4,24.8,23.5,21.8,21.5,21.3,21.2,21.1,21.1,21.2,21.3,21.4,21.6,36.5,36.3,38.2,40.0,41.9,43.2,43.5,42.2,42.4,42.7,42.9,43.3,43.3,43.4,43.4,5.3,5.4,5.5,5.6,5.7,5.7,5.7,5.8,5.8,5.8,5.9,5.9,5.9,6.0,21.9,22.6,22.7,23.9,26.4,26.8,27.1,27.5,27.8,28.1,28.3,28.4,28.5,28.7,0.4,0.5,0.4,0.4,0.4,0.4,0.4,0.4,0.4,0.4,0.4,0.4,0.4,0.4,1.2,1.2,1.2,1.3,1.5,1.5,1.6,1.6,1.6,1.6,1.7,1.7,1.7,1.7
 Azerbaijan,53.7,52.2,51.4,52.4,53.4,53.6,53.9,54.1,54.4,54.7,55.0,55.3,55.7,56.0,7.2,7.8,8.1,8.5,9.0,9.1,9.3,9.4,9.5,9.6,9.7,9.8,9.9,10.0,10.7,53.4,55.0,49.4,39.0,32.0,31.6,31.4,31.6,31.8,32.0,32.6,32.9,33.2,33.4,24.1,24.6,25.6,27.1,28.7,30.3,32.3,29.0,29.3,29.7,30.0,30.7,31.1,31.5,31.9,4.5,4.7,5.1,5.7,6.4,6.5,6.6,6.7,6.8,6.9,6.9,7.0,7.0,7.0,7.5,8.7,9.3,9.8,8.3,8.1,8.0,7.9,8.0,8.0,8.2,8.5,8.8,9.2,0.9,0.9,0.7,0.6,0.7,0.7,0.8,0.8,0.8,0.9,0.9,0.9,0.9,0.8,0.3,0.4,0.5,0.6,0.5,0.5,0.5,0.5,0.5,0.6,0.6,0.6,0.6,0.6
 Bahamas,79.8,81.0,82.0,82.2,82.4,82.5,82.5,82.6,82.7,82.7,82.8,82.9,83.0,83.1,0.3,0.3,0.3,0.3,0.4,0.4,0.4,0.4,0.4,0.4,0.4,0.4,0.4,0.4,0.4,51.2,49.0,44.9,42.5,40.1,39.2,38.1,36.8,35.7,34.6,33.5,32.6,32.0,31.3,23.6,25.0,27.0,28.1,29.4,30.9,32.3,29.7,30.0,30.3,30.6,31.2,31.5,31.7,32.0,0.2,0.2,0.2,0.2,0.2,0.2,0.2,0.3,0.3,0.3,0.3,0.3,0.3,0.3,6.7,7.2,8.2,8.7,9.1,9.2,9.3,9.4,9.5,9.7,9.9,10.1,10.3,10.6,0.0,0.0,0.0,0.0,0.0,0.0,0.0,0.0,0.0,0.0,0.0,0.0,0.0,0.0,0.0,0.0,0.0,0.0,0.0,0.0,0.0,0.0,0.0,0.0,0.0,0.0,0.0,0.0
 Bahrain,88.1,88.4,88.4,88.4,88.6,88.7,88.8,88.8,88.9,89.0,89.1,89.2,89.3,89.4,0.5,0.6,0.7,0.9,1.2,1.3,1.3,1.3,1.3,1.4,1.4,1.5,1.6,1.6,2.0,50.2,44.9,44.7,35.6,26.2,26.3,26.4,26.6,26.8,27.1,26.4,25.5,24.6,23.7,25.4,26.4,26.6,27.8,30.1,31.2,32.5,30.3,30.5,30.8,31.0,31.5,31.7,32.0,32.2,0.3,0.4,0.4,0.6,1.0,1.0,1.0,1.0,1.0,1.1,1.1,1.2,1.2,1.3,3.4,3.6,3.6,3.1,2.7,2.8,2.8,2.9,3.0,3.0,3.0,3.0,3.1,3.2,0.1,0.1,0.1,0.1,0.1,0.1,0.1,0.1,0.1,0.1,0.1,0.1,0.1,0.1,0.0,0.0,0.0,0.0,0.0,0.0,0.0,0.0,0.0,0.0,0.0,0.0,0.0,0.0
 Bangladesh,19.8,21.7,23.6,26.8,30.5,31.2,32.0,32.8,33.5,34.3,35.1,35.9,36.6,37.4,103.2,115.2,127.7,139.0,147.6,149.3,151.0,152.8,154.5,156.3,158.0,159.7,161.4,163.0,179.0,76.9,69.9,62.4,56.0,50.6,49.3,48.1,46.9,45.8,44.6,43.5,42.4,41.3,40.3,18.6,19.6,21.0,22.5,24.0,25.7,27.6,24.3,24.7,25.0,25.4,26.1,26.5,26.8,27.2,56.5,65.5,75.6,85.3,93.3,95.1,96.9,98.7,100.6,102.5,104.4,106.4,108.3,110.2,5.7,5.9,6.5,7.0,7.5,7.6,7.7,7.8,7.8,7.8,7.8,7.7,7.7,7.7,15.9,16.1,16.3,16.2,15.3,15.1,14.9,14.8,14.8,14.7,14.7,14.6,14.5,14.4,3.2,3.9,4.9,6.0,7.0,7.3,7.5,7.7,7.8,8.0,8.1,8.2,8.3,8.4
 Barbados,37.4,35.6,33.8,32.8,31.9,31.7,31.6,31.4,31.3,31.2,31.2,31.2,31.1,31.2,0.3,0.3,0.3,0.3,0.3,0.3,0.3,0.3,0.3,0.3,0.3,0.3,0.3,0.3,0.3,36.6,34.4,33.0,30.7,29.5,29.0,28.6,28.2,27.7,27.3,26.8,26.3,25.9,25.6,28.4,31.2,33.7,35.5,37.3,39.0,40.5,37.6,38.0,38.3,38.7,39.3,39.6,39.9,40.2,0.2,0.2,0.2,0.2,0.2,0.2,0.2,0.2,0.2,0.2,0.2,0.2,0.2,0.2,15.7,16.6,18.3,18.6,19.8,20.1,20.4,20.9,21.4,21.9,22.4,23.0,23.6,24.3,0.0,0.0,0.0,0.0,0.0,0.0,0.0,0.0,0.0,0.0,0.0,0.0,0.0,0.0,0.0,0.0,0.0,0.0,0.0,0.0,0.0,0.0,0.0,0.0,0.0,0.0,0.0,0.0
 Belarus,66.0,67.9,70.0,72.4,74.7,75.2,75.7,76.2,76.7,77.2,77.7,78.1,78.6,79.0,10.2,10.1,9.9,9.6,9.4,9.4,9.4,9.4,9.4,9.4,9.4,9.4,9.5,9.5,9.3,34.5,32.9,27.2,22.4,20.9,21.2,21.7,22.2,22.8,23.4,23.9,24.3,24.7,25.1,33.1,34.7,36.5,38.1,38.9,39.5,40.3,39.0,39.1,39.3,39.4,39.7,39.8,40.0,40.1,6.7,6.6,6.7,6.7,6.7,6.7,6.7,6.6,6.6,6.6,6.5,6.5,6.5,6.4,16.1,18.9,19.8,21.1,19.6,19.7,19.8,20.0,20.3,20.6,20.9,21.2,21.7,22.4,0.8,0.6,0.5,0.4,0.5,0.5,0.5,0.6,0.6,0.6,0.6,0.6,0.6,0.6,1.1,1.3,1.3,1.4,1.3,1.3,1.3,1.3,1.3,1.4,1.4,1.4,1.4,1.4
 Belgium,96.4,96.8,97.1,97.4,97.7,97.7,97.7,97.8,97.8,97.9,97.9,98.0,98.0,98.0,10.0,10.2,10.3,10.5,10.9,11.0,11.1,11.2,11.2,11.3,11.4,11.4,11.5,11.5,11.9,26.7,27.0,26.8,26.2,25.7,25.8,25.9,26.0,26.1,26.2,26.3,26.5,26.6,26.7,36.5,37.6,39.0,40.3,40.9,41.3,41.9,41.0,41.1,41.1,41.2,41.4,41.5,41.7,41.8,6.7,6.7,6.7,6.9,7.2,7.2,7.3,7.3,7.3,7.3,7.3,7.4,7.4,7.4,22.3,24.1,25.7,26.4,26.4,26.6,26.9,27.3,27.6,28.0,28.4,28.9,29.3,29.7,0.6,0.6,0.6,0.6,0.6,0.6,0.6,0.6,0.6,0.6,0.6,0.6,0.6,0.6,1.5,1.6,1.7,1.8,1.9,1.9,1.9,2.0,2.0,2.0,2.1,2.1,2.2,2.2
 Belize,47.5,46.4,45.4,45.3,45.2,45.2,45.2,45.3,45.3,45.4,45.5,45.6,45.7,45.9,0.2,0.2,0.2,0.3,0.3,0.3,0.3,0.3,0.4,0.4,0.4,0.4,0.4,0.4,0.5,82.9,80.8,73.6,67.5,59.1,57.2,55.5,53.8,52.2,50.6,49.3,47.9,46.6,45.4,17.9,18.4,19.2,20.3,21.9,23.7,25.5,22.3,22.6,23.0,23.3,24.1,24.4,24.8,25.1,0.1,0.1,0.1,0.2,0.2,0.2,0.2,0.2,0.2,0.2,0.2,0.2,0.2,0.3,7.9,8.6,7.1,6.0,6.8,6.8,6.8,6.8,6.9,7.0,7.1,7.2,7.3,7.4,0.0,0.0,0.0,0.0,0.0,0.0,0.0,0.0,0.0,0.0,0.0,0.0,0.0,0.0,0.0,0.0,0.0,0.0,0.0,0.0,0.0,0.0,0.0,0.0,0.0,0.0,0.0,0.0
 Benin,34.5,36.8,38.3,40.5,43.1,43.6,44.1,44.6,45.2,45.7,46.2,46.8,47.3,47.9,5.0,5.9,6.9,8.0,9.2,9.5,9.7,10.0,10.3,10.6,10.9,11.2,11.5,11.8,15.7,90.7,88.7,87.5,84.8,82.8,82.5,82.0,81.4,80.8,80.1,79.5,78.9,78.2,77.4,17.1,17.2,17.3,17.6,17.9,18.2,18.8,18.0,18.0,18.1,18.1,18.3,18.4,18.6,18.7,2.5,3.0,3.5,4.2,4.9,5.0,5.2,5.3,5.5,5.7,5.9,6.0,6.2,6.4,7.4,6.8,6.3,6.0,6.1,6.1,6.1,6.1,6.0,6.0,6.0,6.0,6.0,6.0,0.9,1.1,1.2,1.4,1.6,1.6,1.6,1.7,1.7,1.7,1.8,1.8,1.8,1.9,0.2,0.2,0.2,0.3,0.3,0.3,0.3,0.3,0.3,0.3,0.4,0.4,0.4,0.4
 Bhutan,16.4,20.5,25.4,31.0,34.8,35.6,36.4,37.1,37.9,38.7,39.4,40.2,40.9,41.6,0.5,0.5,0.6,0.6,0.7,0.7,0.7,0.7,0.7,0.7,0.7,0.7,0.8,0.8,0.8,80.8,79.7,70.8,58.0,48.9,47.2,45.4,43.8,42.3,40.9,39.7,38.6,37.8,37.0,18.1,18.4,19.5,21.4,23.3,25.7,28.1,23.8,24.3,24.7,25.2,26.2,26.7,27.1,27.6,0.3,0.3,0.3,0.4,0.4,0.4,0.5,0.5,0.5,0.5,0.5,0.5,0.5,0.5,5.3,6.5,7.0,7.3,8.1,8.2,8.3,8.4,8.5,8.6,8.7,8.7,8.8,8.9,0.1,0.1,0.1,0.1,0.1,0.1,0.1,0.1,0.1,0.1,0.1,0.1,0.1,0.1,0.0,0.0,0.0,0.0,0.0,0.0,0.0,0.0,0.0,0.0,0.0,0.0,0.0,0.0
 Bolivia (Plurinational State of),55.6,59.2,61.8,64.2,66.4,66.9,67.3,67.7,68.0,68.4,68.7,69.1,69.4,69.8,6.9,7.6,8.4,9.2,10.0,10.2,10.4,10.5,10.7,10.9,11.0,11.2,11.4,11.5,13.2,71.5,68.9,66.2,62.6,58.1,57.1,56.2,55.2,54.3,53.3,52.3,51.3,50.3,49.4,20.0,20.5,21.1,21.9,22.9,24.1,25.6,23.1,23.4,23.6,23.9,24.4,24.7,25.0,25.3,3.8,4.3,4.8,5.4,6.0,6.1,6.2,6.3,6.5,6.6,6.7,6.9,7.0,7.1,8.4,8.8,9.2,9.7,10.3,10.5,10.6,10.8,10.9,11.1,11.3,11.5,11.7,11.8,1.0,1.1,1.2,1.2,1.2,1.2,1.2,1.2,1.2,1.2,1.2,1.2,1.2,1.2,0.3,0.4,0.4,0.5,0.6,0.6,0.7,0.7,0.7,0.7,0.8,0.8,0.8,0.8
 Bosnia and Herzegovina,39.2,40.8,42.4,44.0,45.6,45.9,46.2,46.5,46.8,47.2,47.5,47.9,48.2,48.6,4.5,3.8,3.8,3.8,3.7,3.7,3.6,3.5,3.5,3.4,3.4,3.4,3.3,3.3,3.1,34.9,32.0,30.3,25.7,22.4,22.4,22.2,21.8,21.6,21.7,21.3,21.3,21.5,21.6,29.8,33.1,35.0,36.9,38.9,40.7,43.1,39.3,39.6,40.0,40.3,41.2,41.7,42.1,42.6,3.1,2.6,2.6,2.6,2.6,2.6,2.5,2.5,2.5,2.4,2.4,2.3,2.3,2.2,9.5,13.4,16.1,19.7,19.9,19.9,20.1,20.2,20.4,20.6,21.5,22.7,24.0,25.3,0.3,0.3,0.2,0.2,0.2,0.2,0.2,0.2,0.2,0.2,0.2,0.1,0.1,0.1,0.3,0.4,0.4,0.5,0.5,0.5,0.5,0.5,0.5,0.5,0.5,0.5,0.5,0.6
 Botswana,41.9,49.0,53.2,55.9,62.4,63.9,64.8,65.6,66.4,67.2,67.9,68.7,69.4,70.2,1.3,1.5,1.6,1.8,2.0,2.0,2.0,2.1,2.1,2.1,2.2,2.2,2.3,2.3,2.8,86.9,77.2,66.5,60.5,56.7,56.5,56.6,56.8,56.9,57.0,56.6,56.0,55.3,54.6,17.2,18.3,19.7,21.0,22.2,23.0,24.0,22.4,22.5,22.7,22.8,23.2,23.4,23.6,23.8,0.7,0.8,1.0,1.1,1.2,1.2,1.3,1.3,1.3,1.3,1.3,1.4,1.4,1.4,6.3,6.0,5.6,5.2,5.4,5.5,5.7,5.9,6.1,6.3,6.5,6.6,6.9,7.1,0.2,0.2,0.2,0.2,0.3,0.3,0.3,0.3,0.3,0.3,0.3,0.3,0.3,0.3,0.0,0.0,0.1,0.1,0.1,0.1,0.1,0.1,0.1,0.1,0.1,0.1,0.1,0.1
 Brazil,73.9,77.6,81.2,82.8,84.3,84.6,84.9,85.2,85.5,85.8,86.0,86.3,86.6,86.8,149.0,162.0,174.8,186.1,195.7,197.5,199.3,201.0,202.8,204.5,206.2,207.8,209.5,211.1,223.9,58.0,52.4,46.2,41.1,36.3,35.4,34.6,33.7,33.0,32.2,31.7,31.1,30.6,30.1,22.6,23.9,25.3,27.1,29.2,31.4,33.5,29.6,30.1,30.5,31.0,31.8,32.2,32.7,33.1,90.3,101.2,113.3,124.0,133.8,135.6,137.4,139.1,140.7,142.2,143.6,144.9,146.1,147.2,7.0,7.6,8.1,9.0,10.0,10.2,10.5,10.8,11.2,11.5,11.9,12.3,12.8,13.3,17.8,17.4,17.4,16.3,15.0,14.8,14.7,14.7,14.7,14.6,14.7,14.7,14.7,14.6,6.3,7.7,9.2,11.2,13.3,13.9,14.5,15.1,15.7,16.4,17.1,17.9,18.7,19.5
 Brunei Darussalam,66.4,68.6,71.2,73.2,75.0,75.3,75.7,76.0,76.3,76.7,77.0,77.3,77.6,77.9,0.3,0.3,0.3,0.4,0.4,0.4,0.4,0.4,0.4,0.4,0.4,0.4,0.4,0.4,0.5,55.2,51.7,45.8,40.2,36.7,35.8,35.2,34.7,34.2,33.5,33.3,32.7,31.9,31.3,23.1,24.0,25.5,26.8,27.5,29.9,32.3,28.0,28.5,28.9,29.4,30.4,30.9,31.3,31.8,0.2,0.2,0.2,0.3,0.3,0.3,0.3,0.3,0.3,0.3,0.3,0.3,0.3,0.3,4.2,4.1,3.5,4.3,4.8,4.9,5.0,5.2,5.4,5.7,6.0,6.3,6.8,7.2,0.0,0.0,0.0,0.0,0.0,0.0,0.0,0.0,0.0,0.0,0.0,0.0,0.0,0.0,0.0,0.0,0.0,0.0,0.0,0.0,0.0,0.0,0.0,0.0,0.0,0.0,0.0,0.0
 Bulgaria,66.4,67.8,68.9,70.6,72.3,72.6,73.0,73.3,73.7,74.0,74.3,74.7,75.0,75.3,8.8,8.4,8.0,7.7,7.4,7.4,7.3,7.3,7.2,7.2,7.2,7.1,7.1,7.0,6.4,30.6,26.7,23.1,19.7,19.7,20.1,20.5,20.9,21.3,21.7,21.9,22.3,22.7,22.9,36.5,38.2,39.7,41.1,42.3,43.4,44.6,42.5,42.7,43.0,43.2,43.6,43.9,44.1,44.4,5.9,5.6,5.4,5.3,5.1,5.0,4.9,4.9,4.8,4.7,4.7,4.6,4.5,4.5,19.8,22.6,24.5,25.1,26.4,27.1,27.9,28.8,29.7,30.5,31.3,32.0,32.7,33.2,0.6,0.4,0.3,0.3,0.4,0.4,0.4,0.4,0.3,0.3,0.3,0.3,0.3,0.3,1.2,1.3,1.3,1.3,1.3,1.4,1.4,1.4,1.4,1.4,1.5,1.5,1.5,1.5
 Burkina Faso,13.8,15.1,17.8,21.5,24.6,25.2,25.8,26.3,26.9,27.5,28.1,28.7,29.4,30.0,8.8,10.1,11.6,13.4,15.6,16.1,16.6,17.1,17.6,18.1,18.6,19.2,19.8,20.3,27.4,95.5,94.5,92.7,91.3,90.1,89.9,89.5,89.0,88.3,87.6,86.9,86.2,85.4,84.4,16.3,16.3,16.4,16.6,16.7,17.0,17.6,16.8,16.8,16.9,16.9,17.1,17.2,17.4,17.5,4.4,5.0,5.9,6.8,8.0,8.3,8.5,8.8,9.1,9.4,9.7,10.1,10.4,10.8,6.6,6.1,5.5,5.0,4.8,4.8,4.8,4.7,4.7,4.6,4.6,4.6,4.6,4.5,1.7,1.9,2.2,2.5,2.8,2.9,3.0,3.0,3.1,3.2,3.2,3.3,3.3,3.4,0.3,0.3,0.3,0.3,0.4,0.4,0.4,0.4,0.4,0.4,0.4,0.5,0.5,0.5
 Cabo Verde,44.1,48.8,53.4,57.7,61.8,62.3,62.8,63.3,63.8,64.3,64.8,65.3,65.7,66.2,0.3,0.4,0.4,0.5,0.5,0.5,0.5,0.5,0.5,0.5,0.5,0.5,0.5,0.6,0.6,92.8,91.7,82.6,66.4,51.8,49.9,48.5,47.4,46.5,45.7,44.9,44.0,43.2,42.5,16.8,17.1,18.0,19.8,22.6,25.1,27.6,23.1,23.6,24.1,24.6,25.6,26.1,26.6,27.1,0.2,0.2,0.2,0.3,0.3,0.3,0.3,0.3,0.3,0.3,0.3,0.4,0.4,0.4,8.5,9.0,9.6,10.0,8.5,8.1,7.7,7.3,7.1,6.9,6.8,6.8,6.9,7.0,0.1,0.1,0.1,0.1,0.1,0.1,0.1,0.1,0.1,0.1,0.1,0.1,0.1,0.1,0.0,0.0,0.0,0.0,0.0,0.0,0.0,0.0,0.0,0.0,0.0,0.0,0.0,0.0
 Cambodia,15.5,17.3,18.6,19.2,20.3,20.7,21.0,21.4,21.8,22.2,22.6,23.0,23.4,23.8,9.0,10.7,12.2,13.3,14.3,14.5,14.8,15.0,15.3,15.5,15.8,16.0,16.3,16.5,18.8,83.8,92.0,75.2,62.2,53.0,52.0,51.1,50.2,49.6,49.2,48.8,48.6,48.6,48.5,17.9,17.3,18.1,20.4,22.7,23.9,25.6,22.9,23.2,23.4,23.7,24.2,24.6,24.9,25.3,4.7,5.4,6.7,7.9,9.0,9.2,9.4,9.6,9.8,10.0,10.1,10.3,10.4,10.6,5.5,6.0,5.6,5.7,5.9,6.0,6.1,6.1,6.3,6.4,6.6,6.9,7.1,7.3,1.7,1.8,1.6,1.5,1.7,1.7,1.8,1.8,1.8,1.8,1.8,1.8,1.8,1.8,0.3,0.3,0.4,0.5,0.5,0.6,0.6,0.6,0.6,0.6,0.7,0.7,0.7,0.8
 Cameroon,39.7,42.6,45.5,48.5,51.6,52.2,52.8,53.4,54.0,54.6,55.2,55.8,56.4,57.0,11.8,13.6,15.5,17.7,20.3,20.9,21.5,22.1,22.7,23.3,23.9,24.6,25.2,25.9,33.8,92.6,91.6,87.1,83.7,81.7,81.5,81.3,81.0,80.5,80.0,79.4,78.8,78.0,77.1,16.7,16.8,17.2,17.6,17.9,18.2,18.7,18.0,18.0,18.1,18.1,18.3,18.4,18.5,18.6,5.9,6.9,8.0,9.4,10.9,11.2,11.5,11.9,12.2,12.6,13.0,13.4,13.8,14.2,6.8,6.5,6.1,5.7,5.3,5.3,5.2,5.2,5.1,5.0,5.0,5.0,5.0,5.0,2.2,2.4,2.6,3.0,3.5,3.5,3.6,3.7,3.8,3.8,3.9,3.9,4.0,4.1,0.4,0.4,0.5,0.5,0.6,0.6,0.6,0.6,0.6,0.6,0.7,0.7,0.7,0.7
 Canada,76.6,77.7,79.5,80.1,80.9,81.1,81.1,81.2,81.2,81.3,81.3,81.4,81.4,81.5,27.5,29.2,30.6,32.2,34.1,34.5,34.9,35.3,35.7,36.0,36.4,36.7,37.1,37.4,40.8,30.4,30.1,28.1,25.5,23.8,23.7,23.7,23.6,23.5,23.5,23.5,23.6,23.7,23.8,32.9,34.8,36.8,38.6,39.6,40.4,41.1,39.8,39.9,40.1,40.2,40.5,40.7,40.8,41.0,18.7,19.7,20.9,22.3,23.7,23.9,24.1,24.2,24.4,24.5,24.6,24.7,24.8,24.9,16.5,17.7,18.4,19.0,20.4,20.9,21.5,22.1,22.9,23.6,24.3,25.0,25.8,26.5,1.9,2.0,1.8,1.7,1.9,1.9,1.9,1.9,1.9,1.9,1.9,1.9,2.0,2.0,3.1,3.5,3.8,4.2,4.8,5.0,5.2,5.4,5.6,5.8,6.0,6.2,6.4,6.6
 Central African Republic,36.8,37.2,37.6,38.1,38.9,39.1,39.4,39.7,40.0,40.3,40.6,41.0,41.4,41.8,2.8,3.2,3.6,4.0,4.4,4.4,4.4,4.4,4.5,4.5,4.5,4.6,4.7,4.7,5.9,83.8,82.4,81.4,81.7,83.3,84.5,85.5,86.2,86.7,87.0,86.1,85.0,83.8,82.5,18.1,18.2,18.1,18.0,17.7,17.1,17.6,17.6,17.5,17.3,17.2,17.2,17.3,17.4,17.5,1.5,1.7,1.9,2.1,2.3,2.3,2.3,2.3,2.3,2.3,2.4,2.4,2.5,2.5,7.6,7.1,6.6,6.2,5.7,5.7,5.7,5.6,5.6,5.4,5.4,5.4,5.3,5.3,0.5,0.5,0.6,0.7,0.7,0.7,0.7,0.7,0.7,0.7,0.7,0.7,0.7,0.7,0.1,0.1,0.1,0.1,0.1,0.1,0.1,0.1,0.1,0.1,0.1,0.1,0.1,0.1
 Chile,83.3,84.5,86.1,86.8,87.1,87.1,87.2,87.2,87.3,87.4,87.4,87.5,87.6,87.6,13.3,14.4,15.3,16.2,17.1,17.2,17.4,17.6,17.8,18.0,18.2,18.5,18.7,19.0,19.5,47.1,45.3,42.0,36.9,32.2,31.6,31.1,30.6,30.2,29.9,29.5,29.1,28.7,28.4,25.7,27.0,28.7,30.5,32.2,33.8,35.3,32.5,32.8,33.2,33.5,34.1,34.4,34.7,35.0,8.5,9.2,10.0,10.8,11.7,11.8,12.0,12.1,12.2,12.4,12.5,12.7,12.9,13.0,9.3,10.7,11.8,12.6,13.7,13.9,14.2,14.6,14.9,15.4,15.8,16.3,16.8,17.3,1.4,1.5,1.3,1.2,1.2,1.2,1.2,1.2,1.2,1.2,1.2,1.2,1.2,1.2,0.8,1.0,1.2,1.4,1.6,1.6,1.7,1.8,1.8,1.9,2.0,2.1,2.2,2.3
 China,26.4,31.0,35.9,42.5,49.2,50.5,51.8,53.0,54.3,55.5,56.7,58.0,59.2,60.3,1176.9,1240.9,1290.6,1330.8,1368.8,1376.5,1384.2,1391.9,1399.5,1406.8,1414.0,1421.0,1427.6,1433.8,1464.3,43.5,40.4,36.2,28.2,25.5,25.3,25.1,25.0,24.9,24.9,24.9,25.0,25.1,25.2,24.9,27.4,30.0,32.6,35.0,36.7,38.4,35.3,35.7,36.0,36.4,37.0,37.4,37.7,38.1,774.2,829.5,882.7,960.3,1002.9,1008.0,1012.9,1017.2,1020.2,1021.6,1021.0,1019.1,1016.5,1014.0,8.6,9.2,10.0,10.4,11.0,11.3,11.6,11.9,12.3,12.9,13.6,14.4,15.3,16.2,133.0,100.5,88.7,83.1,84.6,85.7,86.4,86.7,86.9,86.9,86.9,86.5,85.9,85.0,66.3,76.0,87.9,99.6,110.5,113.7,117.0,120.8,125.5,131.3,138.6,147.0,155.9,164.5
 Colombia,69.5,71.8,74.0,76.0,78.0,78.3,78.7,79.1,79.4,79.8,80.1,80.4,80.8,81.1,33.1,36.4,39.6,42.6,45.2,45.7,46.1,46.5,47.0,47.5,48.2,48.9,49.7,50.3,53.4,60.3,56.7,52.4,47.5,41.2,40.0,38.9,38.0,37.1,36.2,35.4,34.5,33.7,33.0,21.9,22.9,24.1,25.7,27.5,29.5,31.3,27.9,28.3,28.7,29.1,29.9,30.2,30.6,30.9,19.8,22.2,24.7,27.2,29.9,30.4,30.8,31.3,31.7,32.2,32.8,33.4,34.0,34.5,7.0,7.6,8.4,9.1,10.0,10.2,10.4,10.7,11.0,11.4,11.7,12.0,12.4,12.8,4.2,4.4,4.4,4.2,3.8,3.7,3.7,3.7,3.7,3.7,3.7,3.7,3.7,3.7,1.4,1.7,2.1,2.5,3.0,3.1,3.2,3.3,3.5,3.7,3.8,4.0,4.2,4.4
 Comoros,27.9,28.3,28.1,27.9,28.0,28.0,28.1,28.2,28.3,28.5,28.6,28.8,29.0,29.2,0.4,0.5,0.5,0.6,0.7,0.7,0.7,0.7,0.8,0.8,0.8,0.8,0.8,0.9,1.1,90.3,88.4,83.0,77.2,73.3,72.8,72.2,71.7,71.1,70.5,70.0,69.5,68.8,68.1,17.0,17.1,17.7,18.4,19.1,19.7,20.4,19.2,19.3,19.5,19.6,19.8,20.0,20.1,20.3,0.2,0.2,0.3,0.3,0.4,0.4,0.4,0.4,0.4,0.4,0.5,0.5,0.5,0.5,6.2,6.0,5.7,5.5,5.3,5.2,5.2,5.1,5.1,5.1,5.1,5.2,5.2,5.3,0.1,0.1,0.1,0.1,0.1,0.1,0.1,0.1,0.1,0.1,0.1,0.1,0.1,0.1,0.0,0.0,0.0,0.0,0.0,0.0,0.0,0.0,0.0,0.0,0.0,0.0,0.0,0.0
 Congo,54.3,56.4,58.7,61.0,63.3,63.7,64.2,64.6,65.1,65.5,66.0,66.5,66.9,67.4,2.4,2.7,3.1,3.6,4.3,4.4,4.5,4.6,4.7,4.9,5.0,5.1,5.2,5.4,7.0,85.1,79.9,76.5,75.4,74.6,75.2,75.7,76.0,76.2,76.3,76.1,75.7,75.2,74.5,17.4,18.0,18.6,18.9,19.2,18.9,19.2,19.1,19.1,19.0,19.0,19.0,19.0,19.1,19.1,1.2,1.5,1.7,2.0,2.4,2.4,2.5,2.6,2.6,2.7,2.8,2.8,2.9,3.0,5.6,5.2,4.9,4.7,4.5,4.6,4.6,4.6,4.6,4.6,4.7,4.8,4.8,4.9,0.4,0.4,0.5,0.6,0.7,0.7,0.7,0.8,0.8,0.8,0.8,0.8,0.8,0.8,0.1,0.1,0.1,0.1,0.1,0.1,0.1,0.1,0.1,0.1,0.1,0.1,0.1,0.1
 Congo (Democratic Republic of the),30.6,32.8,35.1,37.5,40.0,40.5,41.1,41.6,42.2,42.7,43.3,43.9,44.5,45.0,34.6,41.6,47.1,54.8,64.6,66.8,69.0,71.4,73.8,76.2,78.8,81.4,84.1,86.8,120.0,86.9,88.1,88.4,89.3,90.7,91.2,91.5,91.7,91.7,91.5,91.5,91.3,90.8,90.2,17.4,17.2,17.1,17.0,16.9,16.8,17.0,16.9,16.9,16.8,16.8,16.8,16.9,16.9,17.0,18.0,21.5,24.3,28.1,32.8,33.9,35.0,36.1,37.3,38.6,39.9,41.3,42.7,44.2,5.7,5.7,5.7,5.8,5.9,5.9,5.9,6.0,6.0,6.0,6.0,6.0,5.9,5.9,6.4,7.7,8.7,10.2,12.1,12.6,13.0,13.4,13.7,14.1,14.5,14.9,15.2,15.5,1.0,1.2,1.4,1.6,1.9,2.0,2.1,2.2,2.2,2.3,2.4,2.5,2.5,2.6
 Costa Rica,50.0,54.6,59.1,65.7,71.7,72.9,73.9,75.0,75.9,76.9,77.7,78.6,79.3,80.1,3.1,3.5,4.0,4.3,4.6,4.6,4.7,4.7,4.8,4.8,4.9,5.0,5.0,5.0,5.5,59.6,56.1,49.3,41.4,35.5,34.7,34.0,33.2,32.6,32.0,31.6,31.2,30.8,30.5,23.0,24.1,25.3,27.2,29.1,31.2,33.5,29.5,29.9,30.4,30.8,31.7,32.1,32.6,33.0,1.9,2.2,2.5,2.8,3.1,3.2,3.2,3.3,3.3,3.4,3.4,3.4,3.5,3.5,7.7,8.3,8.8,9.6,10.7,11.0,11.3,11.7,12.1,12.6,13.0,13.4,13.8,14.3,0.4,0.4,0.4,0.4,0.4,0.4,0.4,0.4,0.4,0.4,0.4,0.4,0.4,0.4,0.1,0.2,0.2,0.3,0.3,0.3,0.4,0.4,0.4,0.4,0.4,0.5,0.5,0.5
 Croatia,51.0,52.3,53.4,54.3,55.2,55.3,55.5,55.7,55.9,56.2,56.4,56.7,56.9,57.2,4.8,4.6,4.4,4.4,4.3,4.3,4.3,4.3,4.3,4.2,4.2,4.2,4.2,4.1,3.9,28.8,27.2,25.8,23.5,23.1,23.1,22.9,22.5,22.1,22.0,21.9,22.0,22.3,22.6,35.8,37.9,38.9,40.5,41.7,43.1,44.3,42.0,42.3,42.5,42.8,43.3,43.6,43.8,44.1,3.3,3.1,3.0,2.9,2.9,2.9,2.9,2.8,2.8,2.8,2.8,2.7,2.7,2.7,16.9,20.2,23.2,25.7,26.2,26.8,27.3,27.9,28.5,29.1,29.7,30.6,31.4,32.3,0.3,0.2,0.2,0.2,0.2,0.2,0.2,0.2,0.2,0.2,0.2,0.2,0.2,0.2,0.6,0.6,0.7,0.8,0.8,0.8,0.8,0.8,0.8,0.8,0.8,0.8,0.8,0.9
 Cuba,73.4,74.3,75.3,76.1,76.6,76.7,76.8,76.8,76.9,76.9,76.9,77.0,77.0,77.1,10.6,10.9,11.1,11.3,11.2,11.2,11.3,11.3,11.3,11.3,11.3,11.3,11.3,11.3,11.1,34.3,32.8,31.5,27.5,25.4,25.1,24.8,24.6,24.3,24.1,24.0,23.8,23.6,23.5,27.7,30.2,32.8,35.6,38.4,40.8,42.2,38.9,39.4,39.8,40.3,41.1,41.4,41.6,41.9,7.2,7.4,7.6,7.9,7.8,7.8,7.8,7.8,7.8,7.8,7.8,7.8,7.8,7.8,13.3,13.7,14.4,15.5,18.0,18.4,18.9,19.3,19.7,20.3,20.8,21.5,22.1,22.8,0.9,0.8,0.8,0.7,0.6,0.6,0.6,0.6,0.6,0.6,0.6,0.6,0.6,0.6,1.0,1.0,1.1,1.2,1.4,1.4,1.5,1.5,1.6,1.6,1.6,1.7,1.7,1.8
 Cyprus,66.8,68.0,68.6,68.3,67.6,67.4,67.3,67.1,67.0,66.9,66.9,66.8,66.8,66.8,0.8,0.9,0.9,1.0,1.1,1.1,1.1,1.1,1.2,1.2,1.2,1.2,1.2,1.2,1.3,39.5,37.2,33.2,28.9,25.2,24.9,24.6,24.4,24.2,24.0,24.1,24.1,24.2,24.1,29.9,31.0,31.8,32.9,33.9,34.9,37.3,34.1,34.3,34.5,34.7,35.4,35.9,36.3,36.8,0.5,0.6,0.6,0.7,0.8,0.8,0.8,0.8,0.8,0.8,0.8,0.8,0.8,0.8,15.3,15.4,15.2,15.5,16.1,16.5,16.9,17.3,17.8,18.3,18.7,19.2,19.7,20.3,0.1,0.1,0.1,0.1,0.1,0.1,0.1,0.1,0.1,0.1,0.1,0.1,0.1,0.1,0.1,0.1,0.1,0.1,0.1,0.1,0.1,0.1,0.1,0.1,0.2,0.2,0.2,0.2
 Czechia,75.2,74.6,74.0,73.6,73.3,73.2,73.2,73.3,73.4,73.5,73.6,73.7,73.8,73.9,10.3,10.4,10.3,10.3,10.5,10.6,10.6,10.6,10.6,10.6,10.6,10.6,10.7,10.7,10.7,32.8,27.4,23.5,20.7,20.3,20.6,21.0,21.5,22.0,22.6,22.9,23.4,24.0,24.4,35.3,36.1,37.5,38.7,39.6,41.4,43.2,40.0,40.3,40.7,41.0,41.8,42.1,42.5,42.8,6.8,7.1,7.2,7.3,7.4,7.4,7.3,7.2,7.2,7.1,7.0,7.0,6.9,6.9,19.3,19.4,19.8,19.7,22.0,22.8,23.8,24.8,25.9,26.9,27.9,28.9,29.9,30.7,0.6,0.6,0.4,0.5,0.6,0.6,0.6,0.6,0.6,0.6,0.5,0.5,0.5,0.6,1.3,1.4,1.4,1.4,1.6,1.7,1.7,1.8,1.9,1.9,2.0,2.0,2.1,2.1
 Côte d'Ivoire,39.3,41.2,43.2,45.2,47.3,47.8,48.2,48.6,49.0,49.4,49.9,50.3,50.8,51.2,11.9,14.2,16.5,18.4,20.5,21.0,21.5,22.1,22.6,23.2,23.8,24.4,25.1,25.7,33.7,86.4,82.7,81.5,83.3,81.5,80.8,80.2,79.5,78.7,77.9,77.3,76.7,76.0,75.3,17.5,17.8,18.0,17.8,17.9,18.3,18.9,18.0,18.1,18.1,18.2,18.4,18.5,18.7,18.8,6.2,7.6,8.8,9.7,11.0,11.3,11.6,12.0,12.3,12.7,13.1,13.4,13.8,14.3,5.1,5.2,5.3,5.4,5.3,5.3,5.3,5.2,5.2,5.1,5.1,5.2,5.2,5.2,2.1,2.5,2.8,3.1,3.3,3.4,3.5,3.5,3.6,3.7,3.8,3.9,4.0,4.0,0.3,0.4,0.5,0.5,0.6,0.6,0.6,0.6,0.6,0.7,0.7,0.7,0.7,0.7
 Denmark,84.8,85.0,85.1,85.9,86.8,87.0,87.1,87.3,87.4,87.5,87.6,87.8,87.9,88.0,5.1,5.2,5.3,5.4,5.6,5.6,5.6,5.6,5.7,5.7,5.7,5.7,5.8,5.8,6.0,25.3,25.8,27.7,28.3,27.5,27.3,27.1,26.7,26.4,26.3,25.9,25.8,25.8,25.8,37.1,37.7,38.4,39.6,40.6,41.6,42.3,40.8,41.0,41.2,41.4,41.7,41.9,42.0,42.2,3.5,3.5,3.6,3.6,3.6,3.6,3.6,3.6,3.6,3.6,3.7,3.7,3.7,3.7,23.2,22.6,22.3,22.9,25.5,26.1,26.9,27.9,28.8,29.7,30.4,30.8,31.1,31.4,0.3,0.3,0.3,0.3,0.3,0.3,0.3,0.3,0.3,0.3,0.3,0.3,0.3,0.3,0.8,0.8,0.8,0.8,0.9,1.0,1.0,1.0,1.1,1.1,1.1,1.1,1.1,1.2
 Djibouti,76.0,76.3,76.5,76.8,77.0,77.1,77.1,77.2,77.3,77.4,77.5,77.6,77.8,77.9,0.6,0.6,0.7,0.8,0.8,0.9,0.9,0.9,0.9,0.9,0.9,0.9,1.0,1.0,1.1,85.9,79.9,73.1,64.4,51.2,50.1,49.2,48.5,47.7,46.9,46.5,45.7,44.9,44.1,17.4,18.1,19.3,20.1,23.4,25.0,26.6,23.7,24.0,24.4,24.7,25.3,25.6,26.0,26.3,0.3,0.3,0.4,0.5,0.5,0.5,0.6,0.6,0.6,0.6,0.6,0.6,0.6,0.6,4.9,5.2,5.4,5.6,6.0,6.1,6.3,6.4,6.5,6.6,6.7,6.8,6.9,7.0,0.1,0.1,0.1,0.1,0.1,0.1,0.1,0.1,0.1,0.1,0.1,0.1,0.1,0.1,0.0,0.0,0.0,0.0,0.0,0.0,0.0,0.0,0.0,0.0,0.0,0.0,0.0,0.0
 Dominican Republic,55.2,57.6,61.8,67.4,73.8,74.8,75.8,76.7,77.7,78.6,79.4,80.3,81.1,81.8,7.1,7.8,8.5,9.1,9.7,9.8,9.9,10.0,10.2,10.3,10.4,10.5,10.6,10.7,11.8,66.6,62.4,57.9,53.4,48.2,47.3,46.5,45.8,45.2,44.6,44.0,43.5,43.1,42.6,20.3,21.4,22.5,23.7,25.0,26.5,28.0,25.3,25.6,25.9,26.2,26.8,27.1,27.4,27.7,4.1,4.6,5.1,5.6,6.2,6.3,6.4,6.5,6.6,6.6,6.7,6.8,6.9,7.0,6.5,7.2,8.0,8.7,9.2,9.3,9.5,9.7,9.9,10.1,10.3,10.6,10.9,11.2,1.0,1.0,1.0,1.0,1.0,1.0,1.0,1.0,1.0,1.0,1.0,1.0,1.0,1.0,0.3,0.3,0.4,0.5,0.6,0.6,0.6,0.6,0.6,0.7,0.7,0.7,0.8,0.8
 Ecuador,55.1,57.8,60.3,61.7,62.7,62.9,63.0,63.1,63.3,63.4,63.5,63.7,63.8,64.0,10.2,11.5,12.7,13.8,15.0,15.2,15.5,15.7,16.0,16.2,16.5,16.8,17.1,17.4,19.8,66.5,62.0,58.1,53.9,49.3,48.4,47.5,46.7,45.9,45.2,44.5,43.8,43.2,42.7,20.5,21.6,22.6,23.7,25.0,26.5,27.9,25.3,25.6,25.9,26.2,26.8,27.1,27.3,27.6,5.9,6.8,7.6,8.5,9.5,9.6,9.8,10.0,10.2,10.4,10.6,10.9,11.1,11.3,7.4,7.6,8.1,8.8,9.5,9.6,9.8,9.9,10.0,10.3,10.5,10.7,11.0,11.4,1.4,1.5,1.6,1.6,1.6,1.6,1.6,1.6,1.6,1.6,1.6,1.6,1.7,1.7,0.4,0.5,0.6,0.7,0.9,0.9,1.0,1.0,1.0,1.1,1.1,1.2,1.2,1.3
 Egypt,43.5,42.8,42.8,43.0,43.0,43.0,42.9,42.9,42.8,42.8,42.7,42.7,42.7,42.7,56.1,62.3,68.8,75.5,82.8,84.5,86.4,88.4,90.4,92.4,94.4,96.4,98.4,100.4,120.8,74.6,70.7,63.3,55.2,52.0,52.0,52.4,53.1,53.7,54.1,55.0,55.3,55.4,55.6,19.7,20.2,21.1,22.5,23.7,24.3,24.6,23.8,23.9,24.1,24.2,24.4,24.4,24.5,24.5,30.7,34.8,40.1,46.3,51.9,52.9,53.9,54.9,55.9,56.9,57.8,58.9,60.0,61.1,8.4,8.6,8.4,8.0,7.7,7.7,7.9,8.0,8.2,8.3,8.4,8.5,8.6,8.7,8.7,8.4,8.6,8.8,9.7,10.2,10.7,11.4,11.9,12.4,12.9,13.1,13.0,12.8,2.6,3.0,3.4,3.7,4.0,4.1,4.3,4.4,4.6,4.7,4.9,5.0,5.1,5.3
 El Salvador,49.3,54.0,58.9,61.6,65.5,66.3,67.2,68.0,68.9,69.7,70.5,71.3,72.0,72.7,5.3,5.6,5.9,6.1,6.2,6.2,6.2,6.3,6.3,6.3,6.4,6.4,6.4,6.5,6.8,71.9,65.9,63.3,59.0,51.6,50.1,48.5,46.9,45.5,44.4,43.4,42.6,42.0,41.5,19.6,20.9,22.0,23.0,24.2,25.7,27.6,24.5,24.8,25.1,25.4,26.1,26.5,26.8,27.2,2.9,3.2,3.4,3.6,3.8,3.8,3.9,3.9,4.0,4.0,4.1,4.1,4.1,4.2,7.8,8.3,9.5,10.7,11.5,11.7,11.8,11.9,12.0,12.1,12.3,12.6,12.8,13.1,0.7,0.8,0.8,0.7,0.6,0.6,0.6,0.6,0.6,0.6,0.6,0.6,0.6,0.6,0.2,0.3,0.3,0.4,0.4,0.4,0.5,0.5,0.5,0.5,0.5,0.5,0.5,0.5
 Equatorial Guinea,34.7,40.5,49.1,57.7,65.9,67.5,69.0,69.5,70.1,70.6,71.1,71.6,72.1,72.6,0.4,0.5,0.6,0.8,0.9,1.0,1.0,1.1,1.1,1.2,1.2,1.3,1.3,1.4,1.9,81.3,80.3,73.0,69.2,65.7,65.2,64.5,63.8,63.2,62.6,62.4,61.9,61.4,61.0,19.1,18.9,19.6,20.6,21.5,22.1,22.3,21.6,21.7,21.9,22.0,22.1,22.2,22.2,22.3,0.2,0.3,0.3,0.4,0.6,0.6,0.6,0.6,0.7,0.7,0.7,0.8,0.8,0.8,8.0,7.4,6.5,5.7,4.9,4.8,4.6,4.5,4.3,4.2,4.2,4.1,4.1,4.0,0.1,0.1,0.1,0.1,0.1,0.2,0.2,0.2,0.2,0.2,0.2,0.2,0.2,0.2,0.0,0.0,0.0,0.0,0.0,0.0,0.0,0.0,0.0,0.0,0.0,0.0,0.0,0.0
 Estonia,71.2,70.3,69.4,68.7,68.1,68.0,68.0,68.1,68.3,68.4,68.6,68.7,68.9,69.1,1.6,1.4,1.4,1.4,1.3,1.3,1.3,1.3,1.3,1.3,1.3,1.3,1.3,1.3,1.3,33.5,31.3,26.1,22.3,22.5,22.9,23.4,23.8,24.3,24.8,24.9,25.2,25.6,25.9,34.4,36.4,38.0,39.4,40.2,41.6,42.4,40.5,40.8,41.0,41.3,41.8,41.9,42.1,42.2,1.0,0.9,0.9,0.9,0.9,0.9,0.9,0.9,0.9,0.9,0.9,0.9,0.8,0.8,17.6,20.7,22.3,24.6,26.0,26.5,27.1,27.7,28.3,28.9,29.4,30.0,30.7,31.5,0.1,0.1,0.1,0.1,0.1,0.1,0.1,0.1,0.1,0.1,0.1,0.1,0.1,0.1,0.2,0.2,0.2,0.2,0.2,0.2,0.2,0.2,0.2,0.2,0.3,0.3,0.3,0.3
 Eswatini (Kingdom of),20.2,22.3,22.7,22.0,22.5,22.7,22.8,23.0,23.1,23.3,23.5,23.6,23.8,24.0,0.8,0.9,1.0,1.0,1.1,1.1,1.1,1.1,1.1,1.1,1.1,1.1,1.1,1.1,1.3,99.8,90.6,79.4,74.6,71.6,71.1,70.5,69.7,69.1,68.7,67.4,66.5,65.9,65.1,15.6,16.6,17.7,18.5,19.0,19.7,20.7,19.1,19.3,19.4,19.6,19.9,20.1,20.3,20.5,0.4,0.5,0.5,0.6,0.6,0.6,0.6,0.6,0.6,0.6,0.6,0.6,0.7,0.7,5.0,5.0,5.2,5.9,6.5,6.6,6.7,6.8,6.9,6.9,7.0,7.0,6.9,6.9,0.1,0.2,0.1,0.1,0.2,0.2,0.2,0.1,0.1,0.1,0.1,0.1,0.1,0.1,0.0,0.0,0.0,0.0,0.0,0.0,0.0,0.0,0.0,0.0,0.0,0.0,0.0,0.0
 Ethiopia,12.6,13.8,14.7,15.7,17.3,17.7,18.2,18.6,19.0,19.4,19.9,20.3,20.8,21.2,47.9,57.0,66.2,76.3,87.6,90.1,92.7,95.4,98.1,100.8,103.6,106.4,109.2,112.1,144.9,91.6,92.6,92.1,92.3,86.8,85.0,83.1,81.2,79.4,77.6,76.1,74.6,73.2,71.8,16.8,16.7,16.6,16.7,17.3,18.3,19.5,17.5,17.7,17.9,18.1,18.5,18.8,19.0,19.3,24.2,28.7,33.4,38.5,45.4,47.1,48.9,50.8,52.8,54.8,56.8,58.8,60.9,62.9,6.3,6.1,6.2,6.2,6.4,6.4,6.4,6.4,6.4,6.4,6.3,6.3,6.3,6.3,9.1,10.5,12.3,13.6,14.2,14.4,14.7,14.9,15.2,15.5,15.8,16.1,16.3,16.6,1.5,1.8,2.1,2.4,2.9,3.0,3.1,3.2,3.4,3.5,3.6,3.7,3.8,3.9
 Fiji,41.6,45.5,47.9,49.9,52.2,52.7,53.2,53.7,54.2,54.7,55.2,55.7,56.2,56.8,0.7,0.8,0.8,0.8,0.9,0.9,0.9,0.9,0.9,0.9,0.9,0.9,0.9,0.9,1.0,65.6,60.5,56.9,46.7,43.8,44.0,44.2,44.6,45.2,45.8,45.7,45.6,45.4,45.0,20.9,21.6,22.1,25.3,26.5,27.0,27.9,26.6,26.7,26.8,26.9,27.2,27.4,27.5,27.7,0.4,0.5,0.5,0.5,0.6,0.6,0.6,0.6,0.6,0.6,0.6,0.6,0.6,0.6,5.0,5.0,5.5,6.3,7.3,7.4,7.5,7.6,7.7,7.6,7.9,8.1,8.4,8.6,0.1,0.1,0.1,0.1,0.1,0.1,0.1,0.1,0.1,0.1,0.1,0.1,0.1,0.1,0.0,0.0,0.0,0.0,0.0,0.0,0.0,0.0,0.0,0.0,0.0,0.0,0.0,0.1
 Finland,79.4,81.0,82.2,82.9,83.8,84.3,84.8,85.1,85.2,85.2,85.3,85.3,85.4,85.4,5.0,5.1,5.2,5.3,5.4,5.4,5.4,5.4,5.5,5.5,5.5,5.5,5.5,5.5,5.6,28.7,28.5,27.1,26.0,24.9,25.1,25.2,25.5,25.7,25.9,26.0,26.0,26.0,25.9,36.4,37.8,39.4,40.9,42.0,42.5,43.1,42.1,42.2,42.3,42.4,42.6,42.7,42.9,43.0,3.4,3.4,3.5,3.5,3.6,3.5,3.5,3.5,3.5,3.5,3.5,3.4,3.4,3.4,20.0,21.4,22.4,24.1,26.0,27.0,28.1,29.5,30.8,32.0,33.1,34.1,35.0,35.8,0.3,0.3,0.3,0.3,0.3,0.3,0.3,0.3,0.3,0.3,0.3,0.3,0.3,0.3,0.7,0.7,0.8,0.8,0.9,1.0,1.0,1.0,1.1,1.1,1.1,1.2,1.2,1.2
 France,74.1,74.9,75.9,77.1,78.4,78.6,78.9,79.1,79.4,79.7,79.9,80.2,80.4,80.7,56.7,57.8,59.0,61.1,62.9,63.2,63.6,63.9,64.2,64.5,64.7,64.8,65.0,65.1,66.7,30.5,30.0,29.1,28.4,28.6,28.7,28.9,29.1,29.2,29.2,29.2,29.1,29.0,28.8,34.8,36.2,37.7,38.9,40.1,41.2,42.3,40.3,40.5,40.8,41.0,41.4,41.6,41.9,42.1,37.3,37.7,38.4,39.7,40.7,40.7,40.7,40.6,40.5,40.5,40.4,40.3,40.3,40.3,21.3,23.2,24.7,25.3,26.1,26.6,27.4,28.3,29.2,30.1,30.9,31.6,32.3,33.0,3.8,3.6,3.7,3.8,3.9,4.0,4.0,4.0,3.9,3.9,3.9,3.8,3.7,3.7,8.0,8.8,9.5,10.1,10.6,10.8,11.1,11.5,11.8,12.2,12.5,12.8,13.0,13.3
 Gabon,69.1,74.8,78.9,82.5,85.5,86.1,86.6,87.2,87.7,88.1,88.6,89.0,89.4,89.7,0.9,1.1,1.2,1.4,1.6,1.7,1.8,1.8,1.9,1.9,2.0,2.1,2.1,2.2,2.7,79.3,79.8,76.3,70.3,64.0,63.0,62.1,61.4,60.9,60.5,61.2,61.8,62.3,62.7,19.3,19.0,19.3,20.0,21.2,22.3,22.5,21.4,21.6,21.9,22.1,22.3,22.4,22.4,22.5,0.5,0.6,0.7,0.8,0.9,1.0,1.0,1.1,1.1,1.2,1.2,1.2,1.3,1.3,10.7,10.4,9.7,8.4,7.0,6.8,6.6,6.4,6.2,6.0,6.0,6.0,6.0,6.0,0.2,0.2,0.2,0.2,0.2,0.2,0.3,0.3,0.3,0.3,0.3,0.3,0.3,0.3,0.1,0.1,0.1,0.1,0.1,0.1,0.1,0.1,0.1,0.1,0.1,0.1,0.1,0.1
 Gambia,38.3,43.4,47.9,52.0,55.7,56.4,57.1,57.8,58.5,59.2,59.9,60.6,61.3,61.9,1.0,1.1,1.3,1.5,1.8,1.8,1.9,2.0,2.0,2.1,2.1,2.2,2.3,2.3,3.2,81.5,88.8,93.5,90.7,86.5,86.1,85.7,85.3,84.7,84.2,84.0,83.7,83.3,82.8,18.2,17.1,16.5,16.7,17.1,17.5,17.8,17.2,17.3,17.3,17.4,17.6,17.6,17.7,17.7,0.5,0.6,0.7,0.8,0.9,1.0,1.0,1.0,1.1,1.1,1.1,1.2,1.2,1.3,4.4,4.8,5.1,5.1,5.1,5.1,5.1,5.1,5.1,5.0,5.0,4.9,4.9,4.8,0.2,0.2,0.2,0.3,0.3,0.3,0.3,0.3,0.4,0.4,0.4,0.4,0.4,0.4,0.0,0.0,0.0,0.0,0.0,0.0,0.1,0.1,0.1,0.1,0.1,0.1,0.1,0.1
 Georgia,55.0,53.8,52.6,53.6,55.5,55.9,56.3,56.7,57.1,57.4,57.8,58.2,58.6,59.0,5.4,5.0,4.4,4.2,4.1,4.1,4.1,4.0,4.0,4.0,4.0,4.0,4.0,4.0,3.9,37.8,33.9,31.4,28.6,26.5,26.7,27.0,27.4,27.9,28.4,29.1,29.7,30.3,30.9,31.0,32.8,34.7,35.9,37.0,37.7,38.3,37.1,37.3,37.4,37.6,37.8,37.9,38.1,38.2,3.6,3.3,2.9,2.8,2.8,2.8,2.7,2.7,2.7,2.7,2.7,2.6,2.6,2.6,14.1,17.4,19.5,21.8,21.0,21.0,21.0,21.1,21.3,21.5,21.9,22.3,22.8,23.2,0.5,0.3,0.3,0.2,0.3,0.3,0.3,0.3,0.3,0.3,0.3,0.3,0.3,0.3,0.5,0.6,0.6,0.6,0.6,0.6,0.6,0.6,0.6,0.6,0.6,0.6,0.6,0.6
 Germany,73.1,73.9,75.0,76.0,77.0,77.2,77.2,77.2,77.2,77.2,77.2,77.3,77.3,77.4,79.1,81.1,81.4,81.6,80.8,80.9,81.0,81.2,81.5,81.8,82.2,82.7,83.1,83.5,83.1,23.1,23.8,23.1,21.6,20.6,20.5,20.4,20.3,20.2,20.2,20.4,20.6,21.0,21.3,37.6,38.4,40.1,42.1,44.3,45.9,45.7,44.6,44.9,45.3,45.6,45.9,45.8,45.8,45.7,54.7,55.4,55.2,54.4,53.2,53.2,53.2,53.4,53.5,53.6,53.8,53.9,54.0,54.0,21.6,22.7,24.3,28.3,31.2,31.5,31.7,31.9,32.1,32.4,32.6,32.8,33.1,33.4,4.3,4.1,3.9,3.6,3.4,3.4,3.4,3.4,3.4,3.5,3.6,3.7,3.9,4.0,11.8,12.6,13.4,15.4,16.6,16.7,16.9,17.0,17.2,17.4,17.5,17.7,17.8,18.0
 Ghana,36.4,40.1,43.9,47.3,50.7,51.4,52.1,52.7,53.4,54.1,54.7,55.4,56.1,56.7,14.8,17.0,19.3,21.8,24.8,25.4,26.0,26.6,27.2,27.8,28.5,29.1,29.8,30.4,37.8,83.4,80.4,77.7,72.6,67.9,67.3,66.8,66.2,65.6,64.9,64.5,64.0,63.4,62.8,17.6,18.1,18.5,19.2,20.0,20.7,21.5,20.1,20.3,20.4,20.6,20.9,21.0,21.2,21.3,7.8,9.2,10.5,12.3,14.3,14.7,15.1,15.5,16.0,16.4,16.8,17.2,17.7,18.1,5.3,5.3,5.3,5.0,4.9,5.0,5.0,5.1,5.1,5.1,5.1,5.2,5.2,5.2,2.5,2.8,3.1,3.3,3.6,3.7,3.8,3.8,3.9,4.0,4.0,4.1,4.1,4.1,0.4,0.5,0.6,0.6,0.7,0.7,0.8,0.8,0.8,0.8,0.9,0.9,0.9,0.9
 Greece,71.5,72.1,72.7,74.5,76.3,76.6,77.0,77.4,77.7,78.0,78.4,78.7,79.1,79.4,10.2,10.7,11.1,11.2,10.9,10.8,10.8,10.7,10.7,10.7,10.6,10.6,10.5,10.5,9.9,29.4,24.8,22.0,21.9,22.9,23.0,22.9,22.8,22.6,22.5,22.3,22.1,21.9,21.7,35.1,36.5,38.0,39.4,41.1,43.4,45.5,41.6,42.0,42.5,42.9,43.8,44.2,44.7,45.1,6.8,7.3,7.6,7.6,7.2,7.1,7.0,7.0,6.9,6.9,6.8,6.8,6.8,6.7,20.3,21.7,24.0,26.6,29.1,29.6,30.2,30.9,31.6,32.2,32.8,33.2,33.7,34.2,0.6,0.5,0.5,0.5,0.6,0.5,0.5,0.5,0.5,0.5,0.5,0.4,0.4,0.4,1.4,1.6,1.8,2.0,2.1,2.1,2.1,2.2,2.2,2.2,2.2,2.3,2.3,2.3
 Grenada,33.4,34.5,35.7,35.9,35.9,35.9,35.9,35.9,35.9,36.0,36.1,36.2,36.3,36.4,0.1,0.1,0.1,0.1,0.1,0.1,0.1,0.1,0.1,0.1,0.1,0.1,0.1,0.1,0.1,73.2,70.2,57.5,44.6,36.2,35.8,35.3,34.8,34.6,34.6,34.6,34.9,35.3,35.6,20.4,22.1,23.9,26.0,29.2,30.6,32.0,29.5,29.8,30.0,30.3,30.9,31.2,31.4,31.7,0.1,0.1,0.1,0.1,0.1,0.1,0.1,0.1,0.1,0.1,0.1,0.1,0.1,0.1,15.0,14.2,14.7,14.0,14.8,14.7,14.5,14.4,14.3,14.3,14.3,14.3,14.4,14.5,0.0,0.0,0.0,0.0,0.0,0.0,0.0,0.0,0.0,0.0,0.0,0.0,0.0,0.0,0.0,0.0,0.0,0.0,0.0,0.0,0.0,0.0,0.0,0.0,0.0,0.0,0.0,0.0
 Guatemala,42.0,43.7,45.3,46.9,48.4,48.7,49.0,49.3,49.6,50.0,50.3,50.7,51.1,51.4,9.3,10.4,11.7,13.1,14.6,14.9,15.3,15.6,15.9,16.3,16.6,16.9,17.2,17.6,21.2,90.3,87.6,83.6,78.9,69.9,67.9,66.1,64.4,62.8,61.1,59.7,58.2,56.7,55.3,16.9,17.2,17.7,18.5,19.7,21.3,22.9,20.0,20.3,20.7,21.0,21.6,21.9,22.3,22.6,4.7,5.3,6.1,7.0,8.2,8.5,8.8,9.1,9.3,9.6,9.9,10.2,10.5,10.8,6.6,7.2,7.6,7.8,7.6,7.6,7.6,7.5,7.6,7.6,7.7,7.8,7.9,8.1,1.6,1.8,1.9,2.0,1.9,1.9,1.9,2.0,2.0,2.0,2.0,2.0,2.0,2.1,0.3,0.4,0.5,0.5,0.6,0.6,0.7,0.7,0.7,0.7,0.8,0.8,0.8,0.9
 Guinea,28.0,29.5,30.9,32.3,33.7,34.0,34.3,34.5,34.8,35.1,35.5,35.8,36.1,36.5,6.4,7.3,8.2,9.1,10.2,10.4,10.7,10.9,11.2,11.4,11.7,12.1,12.4,12.8,17.0,87.3,90.8,92.6,93.6,90.9,90.2,89.3,88.4,87.4,86.5,85.1,83.7,82.4,81.0,17.5,17.0,16.7,16.4,16.7,17.1,18.0,16.8,16.9,16.9,17.0,17.3,17.5,17.6,17.8,3.3,3.7,4.1,4.6,5.2,5.3,5.5,5.6,5.8,6.0,6.2,6.4,6.6,6.8,6.8,7.1,6.8,6.4,6.0,5.9,5.8,5.7,5.6,5.5,5.5,5.5,5.5,5.5,1.2,1.3,1.5,1.6,1.8,1.8,1.8,1.9,1.9,1.9,1.9,2.0,2.0,2.1,0.2,0.3,0.3,0.3,0.3,0.3,0.3,0.3,0.3,0.3,0.3,0.4,0.4,0.4
 Guinea-Bissau,30.8,34.4,36.2,38.2,40.1,40.5,40.9,41.3,41.7,42.1,42.5,42.9,43.4,43.8,1.0,1.1,1.2,1.3,1.5,1.6,1.6,1.6,1.7,1.7,1.8,1.8,1.9,1.9,2.5,92.6,90.9,87.9,82.9,79.7,79.5,79.2,78.8,78.5,78.1,77.9,77.6,77.2,76.7,16.8,16.8,17.0,17.6,18.1,18.4,18.8,18.2,18.2,18.3,18.3,18.5,18.6,18.6,18.7,0.5,0.6,0.6,0.7,0.8,0.8,0.9,0.9,0.9,0.9,1.0,1.0,1.0,1.1,6.7,6.1,5.7,5.2,5.0,5.0,4.9,4.9,4.9,4.9,5.0,5.1,5.1,5.2,0.2,0.2,0.2,0.2,0.3,0.3,0.3,0.3,0.3,0.3,0.3,0.3,0.3,0.3,0.0,0.0,0.0,0.0,0.0,0.0,0.0,0.0,0.0,0.0,0.0,0.1,0.1,0.1
 Guyana,29.6,29.1,28.7,27.8,26.6,26.4,26.4,26.4,26.4,26.4,26.5,26.5,26.6,26.7,0.7,0.8,0.7,0.7,0.7,0.8,0.8,0.8,0.8,0.8,0.8,0.8,0.8,0.8,0.8,60.3,60.1,59.2,61.4,51.0,49.5,48.2,47.1,46.1,45.2,44.5,43.8,43.2,42.7,21.1,21.7,22.7,23.1,24.5,25.0,26.7,24.6,24.7,24.8,24.9,25.3,25.7,26.0,26.4,0.4,0.5,0.5,0.4,0.5,0.5,0.5,0.5,0.5,0.5,0.5,0.5,0.5,0.5,6.6,6.5,6.8,7.8,7.3,7.5,7.8,8.2,8.5,8.8,9.2,9.5,9.9,10.3,0.1,0.1,0.1,0.1,0.1,0.1,0.1,0.1,0.1,0.1,0.1,0.1,0.1,0.1,0.0,0.0,0.0,0.0,0.0,0.0,0.0,0.0,0.0,0.0,0.0,0.0,0.1,0.1
 Haiti,28.5,32.6,35.6,42.6,47.5,48.5,49.5,50.5,51.4,52.4,53.4,54.3,55.3,56.2,7.0,7.7,8.5,9.2,9.9,10.1,10.3,10.4,10.5,10.7,10.8,11.0,11.1,11.3,12.7,82.0,79.8,72.3,66.3,61.2,60.2,59.3,58.3,57.3,56.4,55.5,54.6,53.8,52.9,18.5,18.5,19.1,20.3,21.5,22.7,24.0,21.7,22.0,22.2,22.5,23.0,23.2,23.5,23.7,3.7,4.1,4.7,5.3,5.9,6.0,6.1,6.3,6.4,6.5,6.6,6.8,6.9,7.0,7.7,7.5,7.4,7.4,7.6,7.6,7.6,7.6,7.6,7.6,7.7,7.9,8.0,8.2,1.1,1.2,1.2,1.2,1.3,1.3,1.3,1.3,1.3,1.3,1.3,1.3,1.3,1.3,0.3,0.3,0.3,0.4,0.4,0.5,0.5,0.5,0.5,0.5,0.5,0.5,0.6,0.6
 Honduras,40.5,42.9,45.5,48.6,51.9,52.5,53.2,53.9,54.5,55.2,55.8,56.5,57.1,57.7,5.0,5.7,6.6,7.5,8.3,8.5,8.6,8.8,9.0,9.1,9.3,9.4,9.6,9.7,11.4,90.4,85.3,80.0,73.0,64.3,62.4,60.3,58.2,56.3,54.4,52.8,51.3,49.9,48.7,16.9,17.5,18.2,19.3,20.7,22.5,24.3,21.1,21.4,21.8,22.1,22.9,23.2,23.6,23.9,2.5,3.0,3.5,4.1,4.9,5.0,5.2,5.3,5.5,5.6,5.8,5.9,6.1,6.2,6.6,6.7,6.9,6.9,6.8,6.8,6.8,6.9,6.9,7.0,7.1,7.2,7.4,7.5,0.9,0.9,1.1,1.1,1.0,1.0,1.0,1.0,1.0,1.0,1.0,1.0,1.0,1.0,0.2,0.2,0.2,0.3,0.3,0.3,0.4,0.4,0.4,0.4,0.4,0.4,0.5,0.5
" Hong Kong, China (SAR)",99.5,100.0,100.0,100.0,100.0,100.0,100.0,100.0,100.0,100.0,100.0,100.0,100.0,100.0,5.7,6.1,6.6,6.8,7.0,7.0,7.0,7.1,7.1,7.2,7.2,7.3,7.4,7.4,8.0,29.4,26.1,23.4,19.5,15.9,15.5,15.1,14.9,14.9,15.2,15.3,15.9,16.7,17.6,31.0,34.0,36.2,39.1,41.2,43.2,44.8,41.6,42.0,42.4,42.8,43.5,43.8,44.2,44.5,4.0,4.3,4.8,5.0,5.2,5.3,5.3,5.3,5.3,5.3,5.3,5.3,5.3,5.2,12.6,14.1,15.3,16.7,17.2,17.6,18.2,18.9,19.7,20.6,21.6,22.6,23.7,24.9,0.4,0.3,0.3,0.2,0.2,0.2,0.3,0.3,0.3,0.3,0.3,0.3,0.3,0.3,0.5,0.6,0.7,0.8,0.9,0.9,1.0,1.0,1.0,1.1,1.1,1.2,1.2,1.3
 Hungary,65.8,65.2,64.6,66.4,68.9,69.4,69.7,70.0,70.2,70.5,70.8,71.1,71.4,71.6,10.4,10.3,10.2,10.1,9.9,9.9,9.9,9.8,9.8,9.8,9.8,9.7,9.7,9.7,9.3,30.9,26.7,24.7,22.5,21.5,21.4,21.2,21.2,21.2,21.2,21.3,21.4,21.7,21.9,36.4,37.5,38.5,39.1,40.1,41.7,43.3,40.4,40.7,41.1,41.4,42.0,42.3,42.7,43.0,6.9,7.0,7.0,6.9,6.9,6.8,6.8,6.8,6.7,6.7,6.6,6.5,6.4,6.4,20.4,21.1,22.2,22.7,23.3,23.7,24.1,24.5,25.0,25.7,26.6,27.7,28.8,29.9,0.6,0.6,0.5,0.5,0.5,0.5,0.5,0.5,0.5,0.4,0.4,0.4,0.4,0.5,1.4,1.5,1.5,1.6,1.6,1.6,1.6,1.7,1.7,1.7,1.8,1.8,1.9,1.9
 Iceland,90.8,91.6,92.4,93.0,93.6,93.6,93.6,93.6,93.7,93.7,93.7,93.8,93.8,93.9,0.3,0.3,0.3,0.3,0.3,0.3,0.3,0.3,0.3,0.3,0.3,0.3,0.3,0.3,0.4,38.7,37.9,35.6,33.6,30.9,31.0,30.9,30.9,30.8,30.8,30.6,30.5,30.3,30.2,30.0,31.5,32.9,34.3,34.8,36.0,37.5,35.0,35.3,35.5,35.8,36.3,36.6,36.9,37.2,0.2,0.2,0.2,0.2,0.2,0.2,0.2,0.2,0.2,0.2,0.2,0.2,0.2,0.2,16.6,17.5,17.8,17.9,17.9,18.3,18.8,19.4,20.1,20.8,21.4,22.0,22.6,23.3,0.0,0.0,0.0,0.0,0.0,0.0,0.0,0.0,0.0,0.0,0.0,0.0,0.0,0.0,0.0,0.0,0.0,0.0,0.0,0.0,0.0,0.0,0.0,0.0,0.0,0.0,0.1,0.1
 India,25.5,26.6,27.7,29.2,30.9,31.3,31.6,32.0,32.4,32.8,33.2,33.6,34.0,34.5,873.3,963.9,1056.6,1147.6,1234.3,1250.3,1265.8,1280.8,1295.6,1310.2,1324.5,1338.7,1352.6,1366.4,1503.6,65.2,61.8,57.0,52.4,48.1,47.2,46.2,45.1,44.1,43.1,42.1,41.3,40.5,39.7,21.1,21.8,22.7,23.8,25.1,26.8,28.4,25.4,25.8,26.1,26.5,27.1,27.4,27.8,28.1,508.5,571.8,643.5,717.5,791.3,805.6,820.3,835.2,849.9,864.0,877.8,890.7,903.1,915.6,6.5,6.8,7.2,7.6,7.9,8.0,8.1,8.2,8.4,8.5,8.7,9.0,9.3,9.5,122.0,124.8,127.8,129.5,128.2,127.2,125.3,122.9,120.7,119.0,116.9,116.2,116.4,116.8,33.2,38.9,46.1,54.4,62.7,64.7,66.7,68.7,71.0,73.6,76.7,80.1,83.6,87.1
 Indonesia,30.6,36.1,42.0,45.9,49.9,50.6,51.3,52.0,52.6,53.3,54.0,54.7,55.3,56.0,181.4,196.9,211.5,226.3,241.8,245.1,248.5,251.8,255.1,258.4,261.6,264.7,267.7,270.6,299.2,61.0,54.2,47.5,45.7,43.5,42.9,42.5,42.0,41.5,40.9,40.5,39.9,39.3,38.7,21.3,22.8,24.4,25.6,27.2,28.5,29.7,27.5,27.7,28.0,28.2,28.7,29.0,29.2,29.5,108.4,122.5,136.7,147.8,160.1,162.8,165.5,168.1,170.8,173.5,175.9,178.4,180.9,183.3,6.3,6.7,7.3,7.3,7.5,7.6,7.7,7.8,7.9,8.0,8.2,8.4,8.7,8.9,22.3,21.9,21.3,22.3,23.2,23.2,23.5,23.9,24.3,24.4,24.8,24.7,24.4,23.9,6.8,8.2,9.9,10.9,12.0,12.4,12.7,13.1,13.5,13.9,14.4,15.0,15.7,16.4
 Iran (Islamic Republic of),56.3,60.2,64.0,67.6,70.6,71.2,71.8,72.3,72.8,73.4,73.9,74.4,74.9,75.4,56.4,61.4,65.6,69.8,73.8,74.6,75.5,76.5,77.5,78.5,79.6,80.7,81.8,82.9,92.7,89.0,75.8,55.1,39.4,34.0,33.6,33.4,33.4,33.6,34.0,34.3,34.8,35.3,35.7,17.2,18.6,21.2,24.1,27.0,29.7,32.0,27.5,28.1,28.6,29.2,30.2,30.6,31.1,31.5,28.8,33.6,40.5,47.7,52.2,52.9,53.6,54.2,54.7,55.2,55.7,56.2,56.7,57.2,6.4,7.0,7.1,7.0,7.3,7.4,7.6,7.8,8.0,8.3,8.4,8.7,8.9,9.2,9.3,7.3,5.8,5.7,6.3,6.4,6.5,6.6,6.8,6.9,7.1,7.3,7.4,7.6,1.9,2.3,2.9,3.3,3.8,3.9,4.1,4.2,4.4,4.6,4.7,4.9,5.1,5.3
 Iraq,69.7,68.8,68.5,68.8,69.1,69.3,69.4,69.6,69.8,69.9,70.1,70.3,70.5,70.7,17.4,20.1,23.5,26.9,29.7,30.7,31.9,33.2,34.4,35.6,36.6,37.6,38.4,39.3,50.2,90.9,84.7,80.1,77.0,76.2,74.4,72.8,71.3,69.8,68.3,67.7,66.9,65.9,64.9,16.8,17.5,18.2,18.7,18.8,20.0,21.0,19.0,19.3,19.5,19.8,20.2,20.4,20.6,20.8,8.8,10.5,12.6,14.7,16.3,17.0,17.9,18.8,19.6,20.5,21.1,21.8,22.4,23.0,7.6,6.9,6.5,6.2,6.1,5.9,5.7,5.6,5.4,5.4,5.5,5.6,5.7,5.8,3.0,3.3,3.8,4.2,4.5,4.6,4.8,5.0,5.1,5.3,5.4,5.4,5.4,5.4,0.7,0.7,0.8,0.9,1.0,1.0,1.0,1.0,1.1,1.1,1.2,1.2,1.3,1.3
 Ireland,56.9,57.9,59.2,60.5,61.5,61.7,61.9,62.1,62.3,62.5,62.7,62.9,63.2,63.4,3.5,3.6,3.8,4.1,4.6,4.6,4.6,4.6,4.6,4.7,4.7,4.8,4.8,4.9,5.2,45.1,37.5,31.6,29.2,30.5,31.2,31.8,32.4,33.0,33.5,33.4,33.3,33.1,32.7,28.4,30.1,31.8,33.2,34.4,36.5,38.2,34.8,35.2,35.7,36.1,36.8,37.2,37.5,37.9,2.2,2.3,2.6,2.9,3.1,3.1,3.1,3.1,3.0,3.0,3.1,3.1,3.1,3.2,18.2,16.8,15.5,15.2,16.1,16.7,17.4,18.1,18.8,19.6,20.2,20.8,21.4,22.0,0.3,0.2,0.3,0.3,0.4,0.4,0.4,0.4,0.4,0.4,0.3,0.3,0.3,0.3,0.4,0.4,0.4,0.4,0.5,0.5,0.5,0.6,0.6,0.6,0.6,0.6,0.7,0.7
 Israel,90.4,90.9,91.2,91.5,91.8,91.9,92.0,92.0,92.1,92.2,92.3,92.3,92.4,92.5,4.4,5.3,5.9,6.5,7.3,7.5,7.6,7.7,7.9,8.0,8.1,8.2,8.4,8.5,10.0,52.2,47.4,45.4,44.8,43.8,44.2,44.6,45.0,45.4,45.7,46.1,46.3,46.5,46.5,25.9,27.3,28.0,28.7,30.1,30.2,30.5,30.1,30.1,30.2,30.2,30.3,30.3,30.4,30.4,2.7,3.2,3.7,4.1,4.6,4.6,4.7,4.8,4.8,4.9,4.9,5.0,5.0,5.1,14.9,16.0,16.2,16.1,16.8,17.0,17.3,17.6,18.0,18.4,18.9,19.4,19.9,20.4,0.5,0.5,0.6,0.7,0.7,0.8,0.8,0.8,0.8,0.8,0.8,0.8,0.8,0.8,0.4,0.5,0.6,0.7,0.8,0.8,0.8,0.8,0.9,0.9,0.9,1.0,1.0,1.0
 Italy,66.7,66.9,67.2,67.7,68.3,68.4,68.7,69.0,69.3,69.6,69.9,70.1,70.4,70.7,57.0,57.2,56.7,58.3,59.3,59.6,59.9,60.2,60.4,60.6,60.7,60.7,60.6,60.5,59.0,24.0,21.9,21.3,21.4,21.5,21.5,21.6,21.5,21.4,21.3,21.2,21.0,20.9,20.6,37.0,38.7,40.3,41.9,43.5,45.4,47.3,43.9,44.3,44.6,45.0,45.8,46.2,46.5,46.9,39.2,39.1,38.2,38.6,38.9,38.9,38.9,39.0,39.0,39.0,38.9,38.8,38.8,38.6,21.7,24.2,27.1,29.7,31.2,31.7,32.2,32.9,33.5,34.1,34.7,35.1,35.6,36.1,2.8,2.7,2.6,2.8,2.8,2.8,2.8,2.8,2.7,2.6,2.6,2.5,2.4,2.4,8.5,9.5,10.4,11.5,12.1,12.3,12.6,12.8,13.1,13.3,13.5,13.7,13.8,13.9
 Jamaica,49.4,50.6,51.8,52.8,53.7,53.9,54.1,54.4,54.6,54.8,55.1,55.4,55.7,56.0,2.4,2.5,2.7,2.7,2.8,2.8,2.8,2.9,2.9,2.9,2.9,2.9,2.9,2.9,3.0,60.2,56.7,53.5,48.6,41.7,40.6,39.5,38.5,37.6,36.8,36.2,35.7,35.2,34.8,22.2,23.5,24.9,26.2,27.5,29.0,30.7,27.8,28.1,28.4,28.7,29.3,29.7,30.0,30.4,1.4,1.5,1.6,1.7,1.8,1.8,1.9,1.9,1.9,1.9,1.9,2.0,2.0,2.0,12.6,12.5,13.0,12.8,12.7,12.7,12.7,12.7,12.7,12.7,12.8,12.9,13.0,13.2,0.3,0.3,0.3,0.3,0.2,0.2,0.2,0.2,0.2,0.2,0.2,0.2,0.2,0.2,0.2,0.2,0.2,0.2,0.2,0.2,0.2,0.2,0.2,0.2,0.3,0.3,0.3,0.3
 Japan,77.3,78.0,78.6,86.0,90.8,91.1,91.1,91.2,91.3,91.4,91.5,91.5,91.6,91.7,124.5,126.4,127.5,128.3,128.5,128.5,128.4,128.3,128.2,128.0,127.8,127.5,127.2,126.9,120.8,26.5,23.4,21.7,20.8,20.8,20.9,21.1,21.2,21.2,21.3,21.3,21.3,21.3,21.2,37.3,39.4,41.2,43.0,44.7,46.4,48.4,45.0,45.4,45.7,46.1,46.8,47.2,47.6,48.0,86.7,87.8,87.0,85.4,82.5,81.6,80.8,79.8,78.9,78.1,77.3,76.6,76.0,75.4,17.0,20.6,24.9,29.5,35.1,36.4,38.0,39.6,41.2,42.7,44.0,45.1,46.2,47.1,6.8,6.1,6.0,5.7,5.6,5.6,5.6,5.5,5.5,5.4,5.3,5.2,5.1,4.9,14.8,18.1,21.7,25.2,28.9,29.8,30.7,31.6,32.5,33.3,34.0,34.6,35.1,35.5
 Jordan,73.3,78.2,78.3,79.5,86.1,87.2,88.2,89.1,90.0,90.3,90.5,90.7,91.0,91.2,3.6,4.6,5.1,5.8,7.3,7.7,8.1,8.5,8.9,9.3,9.6,9.8,10.0,10.1,10.7,89.7,72.5,69.1,65.5,63.6,63.2,62.6,61.9,61.0,59.7,58.4,56.9,55.3,53.7,16.8,19.1,19.6,20.6,21.3,22.1,23.8,21.5,21.6,21.8,21.9,22.4,22.8,23.1,23.5,1.8,2.6,2.9,3.4,4.3,4.5,4.8,5.1,5.3,5.6,5.8,6.0,6.2,6.3,6.3,5.2,5.3,5.7,6.2,6.2,6.2,6.2,6.2,6.2,6.2,6.2,6.2,6.2,0.6,0.7,0.8,0.8,1.0,1.0,1.1,1.1,1.2,1.2,1.2,1.1,1.1,1.1,0.1,0.1,0.2,0.2,0.3,0.3,0.3,0.3,0.3,0.3,0.4,0.4,0.4,0.4
 Kazakhstan,56.3,55.9,56.1,56.5,56.8,56.9,57.0,57.0,57.1,57.2,57.3,57.3,57.4,57.5,16.4,15.8,14.9,15.4,16.3,16.5,16.8,17.0,17.3,17.6,17.8,18.1,18.3,18.6,20.6,50.1,47.1,41.9,36.1,34.8,35.5,36.4,37.5,38.8,40.1,41.5,43.0,44.4,45.5,26.0,27.1,27.8,28.6,28.9,29.4,30.7,29.0,29.1,29.2,29.3,29.7,29.9,30.2,30.4,10.3,10.0,9.8,10.4,11.2,11.3,11.4,11.5,11.6,11.7,11.7,11.7,11.8,11.8,9.4,11.4,10.4,11.3,9.9,9.9,10.0,10.0,10.1,10.2,10.5,11.0,11.5,12.1,1.9,1.4,1.1,1.2,1.6,1.7,1.8,1.9,1.9,2.0,2.0,2.0,2.0,1.9,1.0,1.1,1.0,1.2,1.1,1.1,1.1,1.2,1.2,1.2,1.2,1.3,1.4,1.4
 Kiribati,35.0,36.4,43.0,43.6,47.4,48.2,49.1,49.9,50.8,51.6,52.4,53.3,54.1,54.8,0.1,0.1,0.1,0.1,0.1,0.1,0.1,0.1,0.1,0.1,0.1,0.1,0.1,0.1,0.1,71.6,74.2,70.5,62.0,59.8,60.1,59.2,58.0,57.1,57.0,56.9,57.6,58.7,59.7,20.4,19.6,19.7,20.7,21.6,22.3,23.0,21.7,21.9,22.0,22.2,22.4,22.6,22.7,22.9,0.0,0.0,0.0,0.1,0.1,0.1,0.1,0.1,0.1,0.1,0.1,0.1,0.1,0.1,6.1,6.2,5.8,5.9,5.9,5.9,5.8,5.8,5.8,5.8,6.0,6.3,6.5,6.8,0.0,0.0,0.0,0.0,0.0,0.0,0.0,0.0,0.0,0.0,0.0,0.0,0.0,0.0,0.0,0.0,0.0,0.0,0.0,0.0,0.0,0.0,0.0,0.0,0.0,0.0,0.0,0.0
 Korea (Democratic People's Rep. of),58.4,59.0,59.4,59.8,60.4,60.6,60.7,60.9,61.1,61.3,61.5,61.7,61.9,62.1,20.3,21.9,22.9,23.9,24.5,24.7,24.8,24.9,25.1,25.2,25.3,25.4,25.6,25.7,26.7,39.6,39.7,38.1,36.4,33.0,32.3,31.7,31.2,30.7,30.2,29.7,29.2,28.7,28.3,25.0,27.3,29.4,31.5,33.0,34.1,35.3,33.2,33.4,33.7,33.9,34.3,34.6,34.8,35.1,13.9,14.9,15.6,16.2,16.8,17.0,17.1,17.2,17.3,17.5,17.6,17.8,18.0,18.2,6.3,7.5,8.6,10.9,12.8,13.2,13.5,13.9,14.0,14.0,13.9,13.6,13.2,13.1,1.9,2.1,2.0,1.9,1.7,1.7,1.6,1.7,1.7,1.7,1.7,1.7,1.7,1.7,0.9,1.1,1.4,1.8,2.1,2.2,2.3,2.4,2.4,2.4,2.4,2.4,2.4,2.4
 Korea (Republic of),73.8,78.2,79.6,81.3,81.9,81.9,81.9,81.8,81.7,81.6,81.6,81.5,81.5,81.4,42.9,45.3,47.4,48.7,49.5,49.8,50.1,50.3,50.6,50.8,51.0,51.1,51.2,51.2,51.2,36.7,32.4,28.6,26.0,22.0,21.3,20.6,19.9,19.3,18.8,18.4,18.1,17.9,17.7,27.0,29.3,31.9,34.8,38.0,40.8,43.7,38.6,39.1,39.7,40.2,41.4,42.0,42.5,43.1,29.8,32.2,34.2,35.2,36.3,36.5,36.7,37.0,37.2,37.3,37.3,37.3,37.2,37.0,7.5,8.4,10.0,12.3,14.6,15.1,15.7,16.3,16.9,17.5,18.2,19.0,19.9,20.9,3.1,3.5,3.2,2.5,2.3,2.3,2.3,2.3,2.3,2.3,2.2,2.2,2.1,2.0,2.2,2.7,3.4,4.3,5.3,5.5,5.8,6.0,6.3,6.5,6.8,7.1,7.4,7.7
 Kuwait,98.0,98.1,99.0,100.0,100.0,100.0,100.0,100.0,100.0,100.0,100.0,100.0,100.0,100.0,2.1,1.6,2.0,2.3,3.0,3.2,3.3,3.5,3.7,3.8,4.0,4.1,4.1,4.2,4.7,54.7,45.2,40.5,36.1,31.0,30.6,29.9,29.1,28.3,27.7,27.9,28.1,28.4,28.5,23.5,26.6,27.8,28.2,29.5,33.5,36.8,30.3,31.1,31.9,32.7,34.2,34.8,35.5,36.1,1.3,1.1,1.4,1.6,2.2,2.4,2.5,2.7,2.8,2.9,3.0,3.1,3.1,3.2,2.1,2.0,2.3,3.0,2.7,2.7,2.7,2.7,2.7,2.8,2.9,3.1,3.4,3.7,0.2,0.2,0.2,0.2,0.3,0.3,0.3,0.3,0.3,0.3,0.3,0.3,0.3,0.3,0.0,0.0,0.0,0.0,0.1,0.1,0.1,0.1,0.1,0.1,0.1,0.1,0.1,0.1
 Kyrgyzstan,37.8,36.3,35.3,35.3,35.3,35.4,35.4,35.5,35.6,35.8,35.9,36.1,36.4,36.6,4.4,4.6,4.9,5.1,5.4,5.5,5.6,5.7,5.8,6.0,6.1,6.2,6.3,6.4,7.4,65.1,65.9,58.7,48.8,45.6,45.9,46.5,47.3,48.2,49.1,50.1,50.8,51.2,51.7,21.8,21.6,22.5,23.8,24.0,25.1,26.0,24.2,24.4,24.7,24.9,25.3,25.5,25.6,25.8,2.5,2.6,2.9,3.2,3.6,3.6,3.7,3.7,3.8,3.8,3.9,3.9,4.0,4.0,8.7,9.6,9.2,8.9,6.9,6.8,6.7,6.6,6.7,6.8,6.8,7.0,7.1,7.3,0.6,0.6,0.5,0.5,0.6,0.6,0.7,0.7,0.8,0.8,0.8,0.8,0.8,0.8,0.2,0.3,0.3,0.3,0.2,0.2,0.2,0.2,0.3,0.3,0.3,0.3,0.3,0.3
 Lao People's Democratic Republic,15.4,17.4,22.0,27.2,30.1,30.7,31.3,31.9,32.5,33.1,33.7,34.4,35.0,35.6,4.3,4.8,5.3,5.8,6.2,6.3,6.4,6.5,6.6,6.7,6.8,7.0,7.1,7.2,8.2,84.8,85.4,81.7,71.9,60.8,59.2,57.5,56.0,54.8,53.7,52.8,52.1,51.5,50.8,17.6,17.6,18.0,19.1,20.7,22.8,24.4,21.1,21.5,22.0,22.4,23.1,23.4,23.8,24.1,2.2,2.5,2.8,3.2,3.7,3.8,3.9,4.0,4.1,4.2,4.3,4.4,4.5,4.6,6.8,6.8,6.7,6.5,6.1,6.1,6.1,6.1,6.1,6.1,6.2,6.3,6.4,6.6,0.8,0.8,0.8,0.8,0.8,0.8,0.8,0.8,0.8,0.8,0.8,0.8,0.8,0.8,0.1,0.2,0.2,0.2,0.2,0.2,0.2,0.2,0.3,0.3,0.3,0.3,0.3,0.3
 Latvia,69.2,68.8,68.1,68.0,67.8,67.9,67.9,67.9,68.0,68.0,68.0,68.1,68.1,68.2,2.7,2.5,2.4,2.3,2.1,2.1,2.1,2.0,2.0,2.0,2.0,2.0,1.9,1.9,1.7,32.2,31.6,26.6,21.4,20.8,21.1,21.4,21.9,22.5,23.1,23.4,24.1,25.0,25.7,34.7,36.2,37.9,39.5,40.8,42.6,43.9,41.2,41.5,41.9,42.2,42.9,43.1,43.4,43.6,1.8,1.6,1.6,1.5,1.4,1.4,1.4,1.4,1.3,1.3,1.3,1.3,1.2,1.2,17.8,20.9,22.3,24.6,26.8,27.5,28.1,28.6,29.2,29.9,30.2,30.7,31.3,32.1,0.2,0.1,0.1,0.1,0.1,0.1,0.1,0.1,0.1,0.1,0.1,0.1,0.1,0.1,0.3,0.3,0.4,0.4,0.4,0.4,0.4,0.4,0.4,0.4,0.4,0.4,0.4,0.4
 Lebanon,83.1,84.8,86.0,86.6,87.3,87.5,87.6,87.8,87.9,88.1,88.3,88.4,88.6,88.8,2.8,3.5,3.8,4.7,5.0,5.2,5.5,5.9,6.3,6.5,6.7,6.8,6.9,6.9,6.2,64.8,52.4,49.2,47.6,38.1,38.2,38.8,39.7,40.6,41.2,40.6,39.9,39.0,38.1,20.7,23.2,25.1,25.6,27.8,27.6,29.6,27.8,27.7,27.7,27.6,28.0,28.4,28.8,29.2,1.6,2.2,2.4,3.0,3.4,3.5,3.7,4.0,4.2,4.3,4.5,4.5,4.6,4.6,9.2,8.3,9.0,9.3,9.4,9.3,9.3,9.3,9.4,9.5,9.8,10.1,10.5,10.8,0.4,0.4,0.4,0.4,0.4,0.4,0.5,0.5,0.6,0.6,0.6,0.6,0.6,0.6,0.1,0.2,0.2,0.3,0.3,0.3,0.3,0.4,0.4,0.4,0.4,0.5,0.5,0.5
 Lesotho,14.0,17.0,19.5,22.2,24.8,25.3,25.7,26.1,26.5,26.9,27.3,27.7,28.2,28.6,1.7,1.9,2.0,2.0,2.0,2.0,2.0,2.0,2.0,2.1,2.1,2.1,2.1,2.1,2.3,89.8,79.7,71.6,63.6,57.7,57.1,56.6,55.9,55.0,54.1,53.6,53.1,52.4,51.9,17.1,18.2,19.0,20.3,21.7,23.0,24.0,22.0,22.2,22.5,22.7,23.2,23.4,23.6,23.8,0.9,1.0,1.1,1.2,1.2,1.2,1.2,1.2,1.3,1.3,1.3,1.3,1.3,1.3,8.4,7.8,7.3,7.6,7.8,7.8,7.8,7.8,7.8,7.8,7.8,7.8,7.9,7.9,0.3,0.3,0.3,0.3,0.3,0.2,0.2,0.2,0.2,0.2,0.2,0.3,0.3,0.3,0.1,0.1,0.1,0.1,0.1,0.1,0.1,0.1,0.1,0.1,0.1,0.1,0.1,0.1
 Liberia,55.4,46.0,44.3,46.1,47.8,48.2,48.6,49.0,49.4,49.8,50.3,50.7,51.2,51.6,2.1,2.0,2.8,3.2,3.9,4.0,4.1,4.2,4.4,4.5,4.6,4.7,4.8,4.9,6.4,86.7,82.2,79.3,79.8,80.3,80.0,79.5,78.8,77.9,76.9,76.0,75.0,73.9,72.8,17.4,18.0,18.4,18.4,18.5,18.8,19.4,18.6,18.6,18.7,18.7,18.9,19.0,19.2,19.3,1.1,1.1,1.5,1.7,2.1,2.2,2.2,2.3,2.4,2.4,2.5,2.6,2.7,2.8,6.4,6.4,6.4,6.3,6.2,6.2,6.1,6.0,5.9,5.8,5.8,5.8,5.8,5.9,0.4,0.3,0.5,0.6,0.6,0.7,0.7,0.7,0.7,0.7,0.7,0.7,0.7,0.7,0.1,0.1,0.1,0.1,0.1,0.1,0.1,0.1,0.1,0.1,0.1,0.2,0.2,0.2
 Libya,75.7,76.0,76.4,77.1,78.1,78.3,78.5,78.8,79.0,79.3,79.5,79.8,80.1,80.4,4.4,4.9,5.4,5.8,6.2,6.2,6.3,6.3,6.4,6.4,6.5,6.6,6.7,6.8,7.6,75.7,63.8,54.3,45.8,42.9,42.9,42.9,43.0,43.1,43.2,42.9,42.5,42.1,41.6,18.5,20.2,22.1,24.0,25.7,27.1,28.8,26.0,26.3,26.5,26.8,27.4,27.8,28.1,28.5,2.4,2.9,3.3,3.8,4.2,4.2,4.2,4.2,4.3,4.3,4.3,4.4,4.5,4.6,5.6,5.8,6.0,6.1,6.2,6.3,6.3,6.3,6.3,6.3,6.4,6.4,6.5,6.6,0.6,0.6,0.6,0.6,0.6,0.7,0.7,0.7,0.7,0.7,0.7,0.7,0.6,0.6,0.1,0.2,0.2,0.2,0.3,0.3,0.3,0.3,0.3,0.3,0.3,0.3,0.3,0.3
 Lithuania,67.6,67.3,67.0,66.6,66.8,66.7,66.9,67.0,67.1,67.2,67.4,67.5,67.7,67.9,3.7,3.6,3.5,3.3,3.1,3.1,3.0,3.0,3.0,2.9,2.9,2.8,2.8,2.8,2.5,33.9,33.0,30.3,24.9,21.7,21.6,21.6,21.6,21.7,21.9,22.1,22.3,22.8,23.4,32.7,34.0,35.9,38.5,40.6,42.7,45.1,41.0,41.4,41.9,42.3,43.2,43.7,44.1,44.6,2.5,2.4,2.3,2.2,2.1,2.1,2.1,2.0,2.0,2.0,1.9,1.9,1.8,1.8,16.3,18.6,21.1,23.8,25.4,25.9,26.4,26.9,27.4,28.0,28.6,29.3,30.1,31.1,0.3,0.2,0.2,0.1,0.1,0.2,0.2,0.2,0.2,0.2,0.2,0.2,0.1,0.1,0.4,0.4,0.5,0.5,0.5,0.5,0.5,0.5,0.5,0.5,0.5,0.5,0.6,0.6
 Luxembourg,80.9,82.9,84.2,86.6,88.5,88.9,89.2,89.6,89.9,90.2,90.5,90.7,91.0,91.2,0.4,0.4,0.4,0.5,0.5,0.5,0.5,0.5,0.6,0.6,0.6,0.6,0.6,0.6,0.7,25.1,27.2,28.3,27.8,25.8,25.4,24.9,24.4,24.0,23.5,23.3,23.0,22.7,22.4,36.4,36.7,37.3,38.5,38.9,39.3,39.7,39.0,39.1,39.1,39.2,39.4,39.5,39.5,39.6,0.3,0.3,0.3,0.3,0.3,0.4,0.4,0.4,0.4,0.4,0.4,0.4,0.4,0.4,19.3,20.6,21.0,21.5,20.5,20.3,20.2,20.2,20.1,20.1,20.1,20.2,20.3,20.4,0.0,0.0,0.0,0.0,0.0,0.0,0.0,0.0,0.0,0.0,0.0,0.0,0.0,0.0,0.1,0.1,0.1,0.1,0.1,0.1,0.1,0.1,0.1,0.1,0.1,0.1,0.1,0.1
 Madagascar,23.6,25.8,27.1,28.8,31.9,32.6,33.2,33.9,34.5,35.2,35.9,36.5,37.2,37.9,11.6,13.5,15.8,18.3,21.2,21.7,22.3,23.0,23.6,24.2,24.9,25.6,26.3,27.0,35.6,88.6,87.1,87.0,85.4,81.1,80.1,78.8,77.5,76.2,75.0,74.0,73.0,72.2,71.3,17.1,17.2,17.3,17.5,18.0,18.7,19.6,18.1,18.3,18.4,18.6,18.9,19.1,19.2,19.4,6.0,7.0,8.2,9.6,11.3,11.7,12.1,12.6,13.0,13.5,13.9,14.3,14.8,15.3,5.9,5.8,5.7,5.6,5.3,5.2,5.2,5.1,5.1,5.1,5.2,5.2,5.3,5.4,2.1,2.4,2.8,3.1,3.4,3.5,3.5,3.6,3.6,3.7,3.8,3.8,3.9,4.0,0.4,0.4,0.5,0.5,0.6,0.6,0.6,0.6,0.7,0.7,0.7,0.7,0.8,0.8
 Malawi,11.6,13.3,14.6,15.1,15.5,15.7,15.8,16.0,16.1,16.3,16.5,16.7,16.9,17.2,9.4,9.8,11.1,12.6,14.5,15.0,15.4,15.8,16.3,16.7,17.2,17.7,18.1,18.6,24.8,86.0,87.2,90.7,91.4,90.9,90.5,89.7,88.6,87.5,86.3,84.8,83.5,82.1,80.7,17.5,17.4,16.9,16.6,16.6,17.2,18.1,16.7,16.8,17.0,17.1,17.4,17.6,17.7,17.9,4.9,5.1,5.7,6.4,7.4,7.6,7.9,8.2,8.5,8.8,9.1,9.4,9.7,10.0,6.0,6.6,6.1,5.7,5.2,5.2,5.2,5.2,5.1,5.0,5.0,5.0,4.9,4.9,1.7,1.8,2.0,2.3,2.6,2.7,2.7,2.7,2.8,2.8,2.8,2.8,2.8,2.9,0.3,0.3,0.3,0.4,0.4,0.4,0.4,0.4,0.4,0.4,0.5,0.5,0.5,0.5
 Malaysia,49.8,55.7,62.0,66.6,70.9,71.6,72.3,72.9,73.6,74.2,74.8,75.4,76.0,76.6,18.0,20.5,23.2,25.7,28.2,28.7,29.1,29.5,29.9,30.3,30.7,31.1,31.5,31.9,36.1,62.5,58.7,53.2,46.8,41.7,40.4,39.3,38.2,37.3,36.4,35.8,35.2,34.6,34.1,21.6,22.5,23.8,25.0,26.0,28.2,30.3,26.4,26.9,27.3,27.8,28.6,29.0,29.5,29.9,10.7,12.4,14.5,16.7,18.9,19.4,19.8,20.1,20.5,20.9,21.2,21.5,21.9,22.2,6.2,6.3,6.2,6.8,7.4,7.6,7.8,8.1,8.4,8.7,9.0,9.3,9.6,10.0,2.4,2.6,2.7,2.5,2.4,2.4,2.4,2.5,2.5,2.5,2.6,2.6,2.6,2.6,0.7,0.8,0.9,1.1,1.4,1.5,1.5,1.6,1.7,1.8,1.9,2.0,2.1,2.2
 Maldives,25.8,25.6,27.7,33.8,36.4,36.8,37.3,37.7,38.1,38.5,39.0,39.4,39.8,40.2,0.2,0.3,0.3,0.3,0.4,0.4,0.4,0.4,0.4,0.5,0.5,0.5,0.5,0.5,0.5,95.6,92.1,72.6,49.1,36.1,34.1,32.2,30.6,29.3,28.3,27.5,26.9,26.4,26.0,16.2,16.7,18.7,22.2,24.9,28.6,29.9,25.6,26.4,27.1,27.9,28.9,29.1,29.4,29.6,0.1,0.1,0.2,0.2,0.3,0.3,0.3,0.3,0.3,0.3,0.4,0.4,0.4,0.4,5.6,6.1,6.7,6.9,6.5,6.2,5.9,5.6,5.4,5.3,5.1,5.0,4.8,4.7,0.0,0.0,0.0,0.0,0.0,0.0,0.0,0.0,0.0,0.0,0.0,0.0,0.0,0.0,0.0,0.0,0.0,0.0,0.0,0.0,0.0,0.0,0.0,0.0,0.0,0.0,0.0,0.0
 Mali,23.3,25.5,28.4,32.1,36.0,36.8,37.6,38.4,39.2,40.0,40.8,41.6,42.4,43.1,8.4,9.6,10.9,12.8,15.0,15.5,16.0,16.4,16.9,17.4,18.0,18.5,19.1,19.7,27.0,94.5,93.9,92.9,93.4,95.4,96.3,96.8,97.0,97.0,96.8,96.4,95.9,95.2,94.2,16.5,16.5,16.6,16.5,16.2,16.0,16.3,16.2,16.1,16.1,16.0,16.1,16.1,16.2,16.2,4.2,4.8,5.5,6.4,7.5,7.7,7.9,8.1,8.4,8.6,8.9,9.2,9.5,9.9,7.7,7.4,6.6,5.8,5.5,5.5,5.4,5.3,5.2,5.1,5.1,5.1,5.0,5.0,1.6,1.8,2.1,2.5,2.9,3.0,3.1,3.2,3.2,3.3,3.3,3.4,3.5,3.5,0.3,0.4,0.4,0.4,0.4,0.4,0.4,0.4,0.4,0.4,0.5,0.5,0.5,0.5
 Malta,90.4,90.9,92.4,93.6,94.1,94.1,94.2,94.3,94.3,94.4,94.5,94.5,94.6,94.7,0.4,0.4,0.4,0.4,0.4,0.4,0.4,0.4,0.4,0.4,0.4,0.4,0.4,0.4,0.4,35.4,33.1,29.3,25.3,21.6,21.4,21.3,21.2,21.2,21.2,21.4,21.6,21.8,22.1,33.1,35.0,36.5,38.4,40.2,41.1,42.6,40.4,40.6,40.7,40.9,41.4,41.7,42.0,42.3,0.2,0.3,0.3,0.3,0.3,0.3,0.3,0.3,0.3,0.3,0.3,0.3,0.3,0.3,15.9,17.2,18.3,19.9,22.6,23.5,24.6,25.7,26.9,28.1,29.2,30.2,31.1,32.1,0.0,0.0,0.0,0.0,0.0,0.0,0.0,0.0,0.0,0.0,0.0,0.0,0.0,0.0,0.0,0.0,0.0,0.1,0.1,0.1,0.1,0.1,0.1,0.1,0.1,0.1,0.1,0.1
 Mauritania,39.3,38.7,38.1,42.1,46.6,47.5,48.4,49.3,50.2,51.1,52.0,52.8,53.7,54.5,2.0,2.3,2.6,3.0,3.5,3.6,3.7,3.8,3.9,4.0,4.2,4.3,4.4,4.5,6.0,86.2,84.6,81.8,77.4,74.2,73.8,73.3,72.9,72.4,71.9,71.6,71.1,70.6,70.0,17.4,17.6,17.9,18.5,19.1,19.6,20.1,19.2,19.3,19.4,19.5,19.7,19.8,19.9,20.0,1.1,1.2,1.4,1.6,1.9,2.0,2.1,2.1,2.2,2.3,2.4,2.4,2.5,2.6,5.9,6.0,6.1,5.9,5.7,5.6,5.6,5.6,5.6,5.5,5.5,5.5,5.5,5.5,0.4,0.4,0.4,0.5,0.6,0.6,0.6,0.6,0.6,0.6,0.6,0.7,0.7,0.7,0.1,0.1,0.1,0.1,0.1,0.1,0.1,0.1,0.1,0.1,0.1,0.1,0.1,0.1
 Mauritius,43.9,43.3,42.7,42.1,41.6,41.4,41.3,41.2,41.1,41.0,40.9,40.8,40.8,40.8,1.1,1.1,1.2,1.2,1.2,1.3,1.3,1.3,1.3,1.3,1.3,1.3,1.3,1.3,1.3,43.7,40.8,37.8,36.0,31.2,30.1,29.4,28.7,28.1,27.5,26.8,26.0,25.2,24.4,24.9,26.8,29.0,30.5,32.9,35.6,37.5,33.4,34.0,34.5,35.1,36.0,36.4,36.7,37.1,0.7,0.8,0.8,0.8,0.9,0.9,0.9,0.9,0.9,0.9,0.9,0.9,0.9,0.9,7.1,7.7,9.0,9.6,10.8,11.3,11.9,12.6,13.3,14.1,14.8,15.5,16.2,17.0,0.1,0.1,0.1,0.1,0.1,0.1,0.1,0.1,0.1,0.1,0.1,0.1,0.1,0.1,0.1,0.1,0.1,0.1,0.1,0.1,0.1,0.1,0.1,0.1,0.1,0.1,0.1,0.2
 Mexico,71.4,73.4,74.7,76.3,77.8,78.1,78.4,78.7,79.0,79.3,79.6,79.9,80.2,80.4,83.9,91.7,98.9,106.0,114.1,115.7,117.3,118.8,120.4,121.9,123.3,124.8,126.2,127.6,140.9,69.4,62.7,56.4,50.9,45.9,45.0,44.2,43.5,42.8,42.1,41.5,40.8,40.1,39.4,19.7,21.3,22.9,24.7,26.2,27.7,29.2,26.5,26.8,27.1,27.4,28.0,28.3,28.6,28.9,47.4,53.7,60.0,66.3,73.4,74.8,76.2,77.5,78.7,80.0,81.2,82.4,83.6,84.7,7.6,8.0,8.5,9.0,9.5,9.7,9.8,9.9,10.1,10.2,10.4,10.7,10.9,11.2,11.5,11.5,11.5,11.4,11.2,11.2,11.2,11.2,11.2,11.2,11.3,11.2,11.1,11.0,3.6,4.3,5.1,6.0,7.0,7.2,7.4,7.7,7.9,8.2,8.5,8.8,9.1,9.5
 Micronesia (Federated States of),25.8,25.1,22.3,22.3,22.3,22.3,22.3,22.4,22.4,22.5,22.5,22.6,22.7,22.8,0.1,0.1,0.1,0.1,0.1,0.1,0.1,0.1,0.1,0.1,0.1,0.1,0.1,0.1,0.1,84.3,82.3,72.1,67.9,58.4,56.9,55.3,53.8,52.5,51.4,50.5,49.8,49.3,48.9,17.6,17.7,18.9,19.5,21.5,22.8,24.4,21.8,22.0,22.3,22.5,23.1,23.4,23.8,24.1,0.1,0.1,0.1,0.1,0.1,0.1,0.1,0.1,0.1,0.1,0.1,0.1,0.1,0.1,6.7,6.5,6.5,6.8,5.3,5.2,5.2,5.2,5.3,5.4,5.7,5.9,6.2,6.5,0.0,0.0,0.0,0.0,0.0,0.0,0.0,0.0,0.0,0.0,0.0,0.0,0.0,0.0,0.0,0.0,0.0,0.0,0.0,0.0,0.0,0.0,0.0,0.0,0.0,0.0,0.0,0.0
 Moldova (Republic of),46.8,46.3,44.6,42.8,42.6,42.6,42.6,42.5,42.5,42.5,42.5,42.6,42.6,42.7,4.4,4.3,4.2,4.2,4.1,4.1,4.1,4.1,4.1,4.1,4.1,4.1,4.1,4.0,3.9,43.8,41.3,34.9,25.9,22.5,22.1,21.7,21.5,21.3,21.3,21.4,21.6,21.8,22.0,29.9,30.8,31.3,32.4,34.2,35.6,37.6,34.5,34.8,35.0,35.3,36.0,36.4,36.8,37.2,2.8,2.8,2.8,3.0,3.0,3.0,3.0,3.0,3.0,3.0,3.0,3.0,2.9,2.9,13.0,14.0,14.0,13.9,13.8,13.8,13.6,13.5,13.4,13.6,14.1,14.9,15.8,16.7,0.4,0.3,0.2,0.2,0.2,0.2,0.2,0.2,0.2,0.2,0.2,0.2,0.2,0.2,0.4,0.4,0.4,0.4,0.4,0.4,0.4,0.4,0.4,0.4,0.4,0.4,0.5,0.5
 Mongolia,57.0,56.8,57.1,62.5,67.6,68.0,68.0,68.1,68.2,68.2,68.3,68.4,68.4,68.5,2.2,2.3,2.4,2.5,2.7,2.8,2.8,2.9,2.9,3.0,3.1,3.1,3.2,3.2,3.7,73.0,67.1,56.5,43.0,39.1,39.5,40.1,40.9,41.9,42.9,44.2,45.3,46.4,47.4,19.3,20.3,22.0,24.0,25.7,27.1,28.2,26.0,26.3,26.5,26.8,27.3,27.5,27.8,28.0,1.2,1.3,1.5,1.7,1.9,1.9,1.9,2.0,2.0,2.0,2.0,2.1,2.1,2.1,7.4,6.6,6.0,5.5,5.5,5.5,5.6,5.6,5.7,5.7,5.9,6.0,6.2,6.4,0.3,0.3,0.2,0.2,0.3,0.3,0.3,0.3,0.4,0.4,0.4,0.4,0.4,0.4,0.1,0.1,0.1,0.1,0.1,0.1,0.1,0.1,0.1,0.1,0.1,0.1,0.1,0.1
 Montenegro,48.0,53.4,58.5,62.5,64.1,64.5,64.8,65.1,65.5,65.8,66.1,66.5,66.8,67.2,0.6,0.6,0.6,0.6,0.6,0.6,0.6,0.6,0.6,0.6,0.6,0.6,0.6,0.6,0.6,38.4,35.1,32.0,30.2,28.4,28.2,27.9,27.7,27.5,27.3,27.1,27.2,27.3,27.3,29.8,32.2,34.4,35.0,36.4,37.7,38.8,36.7,36.9,37.2,37.4,37.9,38.1,38.4,38.6,0.4,0.4,0.4,0.4,0.4,0.4,0.4,0.4,0.4,0.4,0.4,0.4,0.4,0.4,12.4,14.7,17.3,19.6,19.1,19.2,19.4,19.6,19.9,20.4,20.9,21.6,22.4,23.2,0.1,0.0,0.0,0.0,0.0,0.0,0.0,0.0,0.0,0.0,0.0,0.0,0.0,0.0,0.1,0.1,0.1,0.1,0.1,0.1,0.1,0.1,0.1,0.1,0.1,0.1,0.1,0.1
 Morocco,48.4,51.7,53.3,55.2,58.0,58.6,59.1,59.7,60.3,60.8,61.4,61.9,62.5,63.0,24.8,27.0,28.8,30.5,32.3,32.8,33.2,33.7,34.2,34.7,35.1,35.6,36.0,36.5,40.9,70.3,63.7,54.7,48.4,43.6,43.0,42.7,42.5,42.3,42.1,42.0,41.7,41.4,41.0,19.8,21.1,22.7,24.5,26.4,27.9,29.5,26.7,27.0,27.3,27.6,28.2,28.5,28.9,29.2,14.0,15.7,17.6,19.3,21.1,21.5,21.9,22.2,22.5,22.8,23.1,23.4,23.7,24.0,7.0,8.1,8.6,9.1,9.4,9.4,9.4,9.4,9.5,9.7,9.9,10.3,10.7,11.1,3.4,3.3,3.1,3.1,3.2,3.2,3.3,3.4,3.4,3.5,3.5,3.5,3.4,3.4,1.0,1.3,1.5,1.8,2.0,2.0,2.1,2.1,2.1,2.2,2.3,2.4,2.5,2.7
 Mozambique,25.0,27.5,29.1,30.0,31.8,32.3,32.8,33.4,33.9,34.4,34.9,35.5,36.0,36.5,13.0,15.5,17.7,20.5,23.5,24.2,24.9,25.6,26.3,27.0,27.8,28.6,29.5,30.4,41.2,93.7,84.8,85.3,87.5,89.2,89.3,89.2,89.0,88.5,87.9,87.1,86.2,85.2,84.1,16.5,17.7,17.6,17.3,17.0,17.1,17.6,17.0,17.0,17.1,17.1,17.2,17.3,17.4,17.5,6.5,8.1,9.2,10.6,12.1,12.4,12.8,13.1,13.5,14.0,14.4,14.9,15.5,16.0,7.3,6.6,6.4,6.1,5.9,5.9,5.8,5.8,5.7,5.6,5.6,5.6,5.5,5.5,2.3,2.7,3.2,3.7,4.2,4.3,4.3,4.4,4.5,4.6,4.7,4.8,4.9,5.0,0.5,0.5,0.6,0.7,0.7,0.7,0.7,0.8,0.8,0.8,0.8,0.8,0.9,0.9
 Myanmar,25.2,26.1,27.0,27.9,28.9,29.1,29.3,29.5,29.6,29.9,30.1,30.3,30.6,30.9,41.3,43.9,46.7,49.0,50.6,51.0,51.4,51.9,52.3,52.7,53.0,53.4,53.7,54.0,58.5,64.5,57.8,51.6,48.6,46.1,45.2,44.3,43.4,42.5,41.5,40.6,39.7,38.9,38.1,20.7,22.0,23.3,24.5,26.1,27.5,29.0,26.4,26.7,26.9,27.2,27.8,28.1,28.4,28.7,24.1,26.6,29.4,31.4,33.0,33.4,33.9,34.4,34.8,35.3,35.7,36.1,36.4,36.8,6.8,7.0,7.1,7.2,7.4,7.4,7.5,7.5,7.6,7.7,8.0,8.2,8.5,8.8,5.3,5.0,5.2,5.3,4.9,4.8,4.7,4.7,4.6,4.6,4.5,4.5,4.5,4.5,1.6,1.9,2.1,2.3,2.4,2.5,2.5,2.6,2.6,2.7,2.8,3.0,3.1,3.2
 Namibia,27.7,29.8,32.4,36.6,41.6,42.6,43.7,44.8,45.8,46.9,48.0,49.0,50.0,51.0,1.4,1.6,1.8,1.9,2.1,2.2,2.2,2.2,2.3,2.3,2.4,2.4,2.4,2.5,3.0,85.0,81.1,76.8,69.4,64.0,63.7,63.2,62.7,62.3,62.2,62.0,62.0,62.1,62.0,17.5,18.0,18.5,19.5,20.5,21.1,21.8,20.6,20.7,20.9,21.0,21.2,21.4,21.5,21.7,0.7,0.9,1.0,1.1,1.2,1.3,1.3,1.3,1.3,1.4,1.4,1.4,1.5,1.5,6.6,6.5,5.9,6.6,7.0,6.9,6.8,6.6,6.4,6.3,6.2,6.2,6.1,6.1,0.2,0.3,0.3,0.3,0.3,0.3,0.3,0.3,0.3,0.3,0.3,0.3,0.3,0.3,0.0,0.1,0.1,0.1,0.1,0.1,0.1,0.1,0.1,0.1,0.1,0.1,0.1,0.1
 Nepal,8.9,10.9,13.4,15.1,16.8,17.1,17.5,17.8,18.2,18.6,18.9,19.3,19.7,20.2,18.9,21.6,23.9,25.7,27.0,27.0,27.0,26.9,26.9,27.0,27.3,27.6,28.1,28.6,33.4,78.5,75.8,74.1,69.6,61.8,60.7,59.2,57.6,56.0,54.6,52.1,49.7,47.6,45.7,18.7,19.0,19.3,20.2,21.7,22.2,24.6,21.8,21.9,22.0,22.1,22.7,23.2,23.6,24.1,10.2,11.8,13.2,14.5,15.9,16.0,16.1,16.2,16.3,16.5,16.9,17.4,17.9,18.5,6.5,6.6,6.8,7.6,8.5,8.7,8.8,8.9,9.0,9.1,9.0,9.0,9.0,8.9,3.1,3.4,3.6,3.3,3.0,3.0,2.9,2.9,2.8,2.8,2.8,2.7,2.7,2.7,0.7,0.8,0.9,1.1,1.4,1.4,1.4,1.4,1.5,1.5,1.5,1.6,1.6,1.7
 Netherlands,68.7,72.8,76.8,82.6,87.1,87.9,88.6,89.2,89.7,90.2,90.6,91.1,91.5,91.9,15.0,15.5,15.9,16.4,16.7,16.7,16.8,16.8,16.9,16.9,17.0,17.0,17.1,17.1,17.4,26.4,26.8,27.2,27.1,26.1,26.0,25.9,25.9,25.8,25.6,25.5,25.2,24.9,24.6,34.6,36.0,37.5,39.0,40.8,42.1,43.3,41.1,41.3,41.6,41.8,42.3,42.6,42.8,43.1,10.3,10.6,10.8,11.1,11.2,11.2,11.2,11.1,11.1,11.1,11.0,11.0,11.0,11.0,18.4,19.2,20.0,20.9,23.0,23.8,24.7,25.6,26.6,27.4,28.2,29.0,29.7,30.4,0.9,1.0,1.0,1.0,0.9,0.9,0.9,0.9,0.9,0.9,0.9,0.9,0.9,0.9,1.9,2.0,2.2,2.3,2.6,2.7,2.8,2.9,2.9,3.0,3.1,3.2,3.3,3.4
 New Zealand,84.7,85.6,86.0,86.3,86.2,86.1,86.2,86.2,86.3,86.3,86.4,86.5,86.5,86.6,3.4,3.7,3.9,4.1,4.4,4.4,4.5,4.5,4.6,4.6,4.7,4.7,4.7,4.8,5.2,35.4,35.2,34.7,32.5,30.8,31.0,30.9,30.8,30.6,30.5,30.4,30.4,30.4,30.4,31.1,32.6,34.3,35.5,36.6,37.3,38.0,36.7,36.9,37.0,37.2,37.4,37.6,37.7,37.9,2.2,2.4,2.5,2.7,2.9,2.9,2.9,3.0,3.0,3.0,3.0,3.1,3.1,3.1,16.9,17.7,18.0,18.2,19.6,20.1,20.6,21.2,21.8,22.4,23.0,23.6,24.2,24.8,0.3,0.3,0.3,0.3,0.3,0.3,0.3,0.3,0.3,0.3,0.3,0.3,0.3,0.3,0.4,0.4,0.5,0.5,0.6,0.6,0.6,0.6,0.7,0.7,0.7,0.7,0.7,0.8
 Nicaragua,53.1,54.4,55.2,55.9,56.9,57.1,57.3,57.5,57.7,57.9,58.1,58.3,58.5,58.8,4.2,4.7,5.1,5.4,5.8,5.9,6.0,6.1,6.1,6.2,6.3,6.4,6.5,6.5,7.4,89.9,81.3,70.1,60.8,53.6,52.5,51.4,50.5,49.6,48.9,48.1,47.4,46.8,46.2,16.9,17.9,19.3,21.1,22.9,24.6,26.5,23.2,23.6,23.9,24.3,25.0,25.4,25.7,26.1,2.1,2.5,2.9,3.2,3.6,3.7,3.8,3.8,3.9,4.0,4.0,4.1,4.2,4.2,6.3,6.5,6.7,7.0,7.3,7.3,7.3,7.3,7.3,7.4,7.6,7.8,8.1,8.4,0.7,0.7,0.7,0.7,0.7,0.7,0.7,0.7,0.7,0.7,0.7,0.7,0.7,0.7,0.1,0.2,0.2,0.2,0.3,0.3,0.3,0.3,0.3,0.3,0.3,0.3,0.3,0.4
 Nigeria,29.7,32.2,34.8,39.1,43.5,44.4,45.2,46.1,47.0,47.8,48.7,49.5,50.3,51.2,95.2,107.9,122.3,138.9,158.5,162.8,167.2,171.8,176.4,181.1,186.0,190.9,195.9,201.0,263.0,86.2,83.7,81.4,81.5,82.7,83.1,83.3,83.4,83.3,83.1,83.0,82.7,82.2,81.6,17.4,17.7,17.9,18.0,17.9,17.9,18.1,17.9,17.9,17.9,17.9,17.9,18.0,18.0,18.1,49.6,57.1,65.5,74.4,84.4,86.5,88.7,91.1,93.6,96.2,98.8,101.6,104.6,107.7,5.5,5.4,5.3,5.1,5.1,5.2,5.2,5.2,5.2,5.1,5.2,5.2,5.1,5.1,16.8,18.6,21.1,24.3,27.7,28.4,29.1,29.8,30.5,31.1,31.8,32.4,32.9,33.4,2.7,3.1,3.4,3.8,4.3,4.5,4.6,4.7,4.9,5.0,5.1,5.2,5.4,5.5
 North Macedonia,57.8,59.6,58.5,57.5,57.1,57.1,57.1,57.2,57.3,57.4,57.6,57.7,58.0,58.2,2.0,2.0,2.0,2.1,2.1,2.1,2.1,2.1,2.1,2.1,2.1,2.1,2.1,2.1,2.1,39.3,37.9,33.6,29.4,25.4,24.8,24.4,24.2,24.0,23.8,23.8,23.8,23.7,23.6,29.2,30.7,32.3,34.0,35.7,37.4,39.1,36.0,36.4,36.7,37.1,37.7,38.1,38.4,38.8,1.3,1.3,1.4,1.4,1.5,1.5,1.5,1.5,1.5,1.5,1.5,1.5,1.5,1.4,10.8,13.1,14.7,16.0,16.4,16.6,16.8,17.0,17.3,17.7,18.3,18.9,19.6,20.3,0.2,0.2,0.1,0.1,0.1,0.1,0.1,0.1,0.1,0.1,0.1,0.1,0.1,0.1,0.1,0.2,0.2,0.2,0.2,0.2,0.2,0.3,0.3,0.3,0.3,0.3,0.3,0.3
 Norway,72.0,73.8,76.0,77.7,79.1,79.5,79.9,80.3,80.7,81.1,81.5,81.9,82.2,82.6,4.2,4.4,4.5,4.6,4.9,4.9,5.0,5.1,5.1,5.2,5.3,5.3,5.3,5.4,5.9,29.2,30.2,30.9,29.9,28.4,28.2,28.0,27.7,27.5,27.3,27.1,27.0,26.8,26.7,35.4,36.1,36.9,38.0,38.7,39.2,39.8,38.8,38.9,39.0,39.1,39.3,39.4,39.6,39.7,2.7,2.8,2.9,3.0,3.2,3.3,3.3,3.4,3.4,3.4,3.4,3.5,3.5,3.5,25.3,24.8,23.6,22.6,22.5,22.8,23.3,23.8,24.4,24.8,25.3,25.7,26.1,26.4,0.3,0.3,0.3,0.3,0.3,0.3,0.3,0.3,0.3,0.3,0.3,0.3,0.3,0.3,0.7,0.7,0.7,0.7,0.7,0.7,0.8,0.8,0.8,0.8,0.9,0.9,0.9,0.9
 Oman,66.1,71.7,71.6,72.4,75.2,76.2,77.6,78.9,80.1,81.4,82.5,83.6,84.5,85.4,1.8,2.2,2.3,2.5,3.0,3.3,3.5,3.8,4.0,4.3,4.5,4.7,4.8,5.0,5.9,86.2,67.8,61.4,50.0,35.9,33.5,31.5,30.2,29.3,28.8,28.9,29.1,29.5,29.8,17.9,20.9,20.9,22.9,26.2,29.0,30.6,26.8,27.3,27.9,28.4,29.3,29.6,30.0,30.3,1.0,1.3,1.4,1.6,2.2,2.4,2.6,2.8,3.0,3.2,3.4,3.5,3.6,3.7,4.4,3.5,4.0,4.0,3.8,3.5,3.3,3.2,3.1,3.0,3.0,3.1,3.2,3.3,0.3,0.3,0.3,0.3,0.3,0.3,0.3,0.3,0.4,0.4,0.4,0.4,0.4,0.5,0.0,0.0,0.1,0.1,0.1,0.1,0.1,0.1,0.1,0.1,0.1,0.1,0.1,0.1
 Pakistan,30.6,31.8,33.0,34.0,35.0,35.2,35.4,35.6,35.8,36.0,36.2,36.4,36.7,36.9,107.6,123.8,142.3,160.3,179.4,183.3,187.3,191.3,195.3,199.4,203.6,207.9,212.2,216.6,263.0,81.0,81.6,77.7,71.5,64.9,63.9,62.9,61.9,61.0,60.1,59.5,58.9,58.4,57.8,18.5,18.4,18.8,19.6,20.7,21.8,22.8,20.9,21.1,21.4,21.6,22.0,22.2,22.4,22.6,57.2,65.5,76.9,89.7,104.2,107.1,110.1,113.1,116.1,119.2,122.2,125.2,128.2,131.3,7.3,7.5,7.4,7.3,7.3,7.3,7.3,7.3,7.2,7.2,7.2,7.2,7.1,7.1,18.4,20.5,21.9,22.7,24.0,24.4,24.8,25.1,25.5,25.9,26.4,26.9,27.3,27.7,4.2,4.9,5.7,6.6,7.6,7.8,8.0,8.2,8.4,8.6,8.8,9.0,9.2,9.4
" Palestine, State of",67.7,70.2,72.0,73.1,74.1,74.4,74.6,74.9,75.1,75.4,75.6,75.9,76.2,76.4,2.1,2.6,3.2,3.6,4.1,4.2,4.2,4.3,4.4,4.5,4.6,4.7,4.9,5.0,6.3,98.3,98.5,95.8,87.6,77.0,75.4,73.9,72.4,71.1,69.9,69.0,68.1,67.2,66.4,15.7,15.7,16.0,17.0,18.2,19.5,20.8,18.5,18.7,19.0,19.2,19.8,20.0,20.3,20.5,1.0,1.3,1.6,1.9,2.2,2.3,2.4,2.4,2.5,2.6,2.7,2.7,2.8,2.9,4.3,4.3,4.6,4.9,5.0,5.1,5.1,5.2,5.2,5.3,5.3,5.4,5.4,5.5,0.4,0.5,0.6,0.6,0.6,0.6,0.7,0.7,0.7,0.7,0.7,0.7,0.7,0.7,0.0,0.1,0.1,0.1,0.1,0.1,0.1,0.1,0.1,0.1,0.1,0.1,0.2,0.2
 Panama,53.9,58.1,62.2,63.7,65.1,65.4,65.7,66.1,66.4,66.7,67.0,67.4,67.7,68.1,2.5,2.7,3.0,3.3,3.6,3.7,3.8,3.8,3.9,4.0,4.0,4.1,4.2,4.2,4.9,60.4,54.9,51.2,47.9,45.4,45.0,44.6,44.1,43.6,43.1,42.7,42.2,41.7,41.3,21.7,23.1,24.5,25.9,27.2,28.4,29.7,27.4,27.7,27.9,28.2,28.7,28.9,29.2,29.4,1.5,1.7,1.9,2.1,2.3,2.4,2.4,2.5,2.5,2.6,2.6,2.7,2.7,2.8,8.0,8.3,8.8,9.6,10.5,10.8,11.0,11.2,11.4,11.7,11.9,12.2,12.5,12.8,0.3,0.3,0.3,0.4,0.4,0.4,0.4,0.4,0.4,0.4,0.4,0.4,0.4,0.4,0.1,0.1,0.2,0.2,0.2,0.3,0.3,0.3,0.3,0.3,0.3,0.3,0.3,0.4
 Papua New Guinea,15.0,14.1,13.2,13.1,13.0,13.0,13.0,13.0,13.0,13.0,13.0,13.1,13.2,13.2,4.6,5.2,5.8,6.5,7.3,7.5,7.6,7.8,7.9,8.1,8.3,8.4,8.6,8.8,10.7,76.4,72.2,69.6,68.0,65.6,65.0,64.2,63.2,62.3,61.4,60.5,59.8,59.0,58.2,18.7,19.3,19.8,20.4,20.9,21.5,22.4,21.0,21.1,21.3,21.4,21.7,21.9,22.0,22.2,2.5,2.9,3.3,3.7,4.3,4.4,4.5,4.6,4.7,4.9,5.0,5.1,5.2,5.4,5.2,5.3,5.4,5.5,5.7,5.6,5.6,5.5,5.5,5.4,5.5,5.6,5.7,5.8,0.7,0.8,0.9,0.9,1.0,1.0,1.0,1.0,1.0,1.1,1.1,1.1,1.1,1.1,0.1,0.2,0.2,0.2,0.2,0.2,0.3,0.3,0.3,0.3,0.3,0.3,0.3,0.3
 Paraguay,48.7,52.1,55.3,57.6,59.3,59.6,59.9,60.2,60.5,60.8,61.0,61.3,61.6,61.9,4.2,4.8,5.3,5.8,6.2,6.3,6.4,6.5,6.6,6.7,6.8,6.9,7.0,7.0,8.0,76.0,73.3,67.3,59.4,53.3,52.2,51.0,49.7,48.7,47.8,47.0,46.4,45.9,45.5,19.3,19.6,20.3,21.7,23.1,24.7,26.3,23.4,23.7,24.1,24.4,25.0,25.3,25.7,26.0,2.3,2.6,3.0,3.5,3.9,3.9,4.0,4.1,4.2,4.3,4.3,4.4,4.5,4.5,7.4,7.7,7.6,7.9,8.4,8.6,8.7,8.9,9.0,9.2,9.5,9.7,10.0,10.3,0.7,0.7,0.7,0.7,0.7,0.7,0.7,0.7,0.7,0.7,0.7,0.7,0.7,0.7,0.2,0.2,0.2,0.3,0.3,0.3,0.3,0.4,0.4,0.4,0.4,0.4,0.4,0.5
 Peru,68.9,71.0,73.0,75.0,76.4,76.6,76.8,77.0,77.2,77.4,77.5,77.7,77.9,78.1,22.1,24.3,26.5,27.9,29.0,29.3,29.5,29.8,30.1,30.5,30.9,31.4,32.0,32.5,36.0,68.5,63.3,56.7,51.3,47.3,46.5,45.6,44.7,44.0,43.5,41.5,40.0,39.0,38.1,20.1,21.2,22.7,24.1,25.5,27.5,31.0,25.9,26.3,26.7,27.1,28.2,28.9,29.6,30.3,12.6,14.2,16.1,17.4,18.5,18.7,18.9,19.2,19.4,19.7,20.2,20.7,21.2,21.6,7.0,7.5,8.0,8.8,9.8,10.0,10.3,10.6,10.9,11.3,11.6,11.9,12.2,12.7,3.1,3.1,3.0,2.9,3.0,3.0,3.0,2.9,2.8,2.8,2.7,2.7,2.8,2.8,0.9,1.1,1.3,1.5,1.8,1.9,1.9,2.0,2.1,2.2,2.3,2.5,2.6,2.7
 Philippines,47.0,46.6,46.1,45.7,45.3,45.5,45.7,45.9,46.1,46.3,46.5,46.7,46.9,47.1,61.9,69.8,78.0,86.3,94.0,95.6,97.2,98.9,100.5,102.1,103.7,105.2,106.7,108.1,123.7,73.2,69.6,66.0,62.3,54.9,54.1,53.3,52.6,51.9,51.1,50.4,49.5,48.4,47.5,19.2,19.8,20.5,21.3,23.1,24.1,25.7,23.3,23.5,23.7,23.9,24.4,24.7,25.1,25.4,34.6,39.9,45.4,51.3,58.1,59.4,60.7,61.9,63.2,64.5,65.6,66.9,68.2,69.4,5.6,5.4,5.6,5.9,6.7,6.8,6.9,7.0,7.2,7.3,7.5,7.8,8.0,8.3,9.4,10.1,10.7,11.4,11.0,11.1,11.2,11.4,11.5,11.5,11.5,11.3,11.0,10.8,1.9,2.2,2.5,3.0,3.9,4.0,4.2,4.3,4.5,4.7,4.9,5.2,5.5,5.7
 Poland,61.3,61.5,61.7,61.5,60.9,60.8,60.7,60.5,60.4,60.3,60.2,60.1,60.1,60.0,38.0,38.5,38.6,38.4,38.3,38.3,38.2,38.2,38.1,38.0,38.0,38.0,37.9,37.9,36.9,38.7,34.9,28.6,23.6,21.3,21.3,21.2,21.1,21.2,21.4,21.5,21.8,22.3,22.8,32.2,33.6,35.0,36.6,38.1,39.7,41.7,38.4,38.7,39.1,39.4,40.1,40.5,40.9,41.3,24.6,25.4,26.4,27.0,27.3,27.2,27.1,26.9,26.7,26.4,26.2,25.9,25.6,25.3,15.3,16.6,17.6,18.6,18.9,19.4,20.0,20.8,21.7,22.7,23.7,24.8,26.0,27.2,2.9,2.6,2.1,1.8,2.0,2.1,2.1,2.0,1.9,1.9,1.8,1.8,1.8,1.9,3.8,4.2,4.6,5.0,5.2,5.3,5.4,5.6,5.8,6.0,6.2,6.4,6.6,6.9
 Portugal,47.9,51.1,54.4,57.5,60.6,61.2,61.8,62.4,62.9,63.5,64.1,64.7,65.2,65.8,9.9,10.1,10.3,10.5,10.6,10.6,10.5,10.5,10.4,10.4,10.3,10.3,10.3,10.2,9.9,31.2,26.4,23.7,22.9,22.6,22.4,22.2,22.0,21.8,21.6,21.4,21.1,20.8,20.6,34.2,36.0,37.8,39.4,41.6,43.9,46.2,42.1,42.5,43.0,43.4,44.4,44.8,45.3,45.7,6.5,6.8,7.0,7.1,7.0,7.0,6.9,6.9,6.8,6.8,6.7,6.7,6.6,6.6,20.8,22.3,24.0,25.5,28.1,28.8,29.5,30.3,31.1,31.9,32.6,33.3,34.0,34.7,0.6,0.5,0.5,0.6,0.5,0.5,0.5,0.5,0.5,0.4,0.4,0.4,0.4,0.4,1.4,1.5,1.7,1.8,2.0,2.0,2.0,2.1,2.1,2.2,2.2,2.2,2.3,2.3
 Qatar,92.8,95.0,96.3,97.4,98.5,98.6,98.7,98.8,98.9,98.9,99.0,99.1,99.1,99.2,0.5,0.5,0.6,0.9,1.9,2.0,2.2,2.3,2.5,2.6,2.7,2.7,2.8,2.8,3.3,40.2,38.3,35.5,28.2,14.9,15.2,15.2,15.3,15.5,15.7,15.8,15.8,15.9,16.0,28.7,29.0,30.5,31.0,31.6,31.5,32.3,31.6,31.6,31.5,31.5,31.7,31.8,32.0,32.1,0.3,0.4,0.4,0.7,1.6,1.8,1.9,2.0,2.1,2.2,2.3,2.3,2.4,2.4,1.9,2.0,2.4,1.7,0.8,0.9,0.9,1.0,1.1,1.2,1.3,1.4,1.6,1.8,0.1,0.1,0.1,0.1,0.1,0.1,0.1,0.1,0.1,0.1,0.1,0.1,0.1,0.1,0.0,0.0,0.0,0.0,0.0,0.0,0.0,0.0,0.0,0.0,0.0,0.0,0.0,0.0
 Romania,53.2,53.8,53.0,53.2,53.8,54.0,54.0,53.9,53.9,53.9,53.9,53.9,54.0,54.1,23.5,23.0,22.1,21.4,20.5,20.3,20.2,20.1,20.0,19.9,19.8,19.7,19.5,19.4,18.3,36.1,31.0,27.4,22.8,23.0,23.2,23.1,23.0,22.9,23.0,23.0,23.2,23.5,23.7,32.6,33.9,34.9,37.1,39.4,41.3,43.2,39.8,40.2,40.5,40.9,41.7,42.1,42.4,42.8,15.5,15.4,15.0,14.8,14.0,13.9,13.8,13.7,13.6,13.5,13.3,13.1,12.9,12.7,15.8,17.9,20.1,22.1,22.9,23.2,23.5,24.0,24.5,25.1,25.9,26.8,27.7,28.6,1.8,1.3,1.1,1.0,1.1,1.1,1.1,1.1,1.0,1.0,0.9,0.9,0.9,0.9,2.4,2.8,3.0,3.3,3.2,3.2,3.2,3.3,3.3,3.4,3.4,3.5,3.6,3.6
 Russian Federation,73.4,73.4,73.4,73.5,73.7,73.7,73.8,73.9,74.0,74.0,74.2,74.3,74.4,74.6,147.5,148.2,146.4,143.7,143.5,143.7,144.0,144.3,144.7,145.0,145.3,145.5,145.7,145.9,143.3,34.3,32.2,26.3,21.4,20.7,21.1,21.8,22.6,23.5,24.3,25.1,25.9,26.6,27.2,33.4,35.0,36.5,37.3,38.0,38.6,39.6,38.1,38.2,38.4,38.5,38.8,39.0,39.2,39.4,98.5,98.5,101.5,102.0,103.3,103.1,102.7,102.1,101.5,100.9,100.0,99.1,98.2,97.4,15.4,18.3,18.0,19.5,18.2,18.3,18.4,18.7,19.0,19.5,20.2,20.9,21.8,22.6,11.5,8.0,6.4,6.9,8.1,8.3,8.5,8.8,9.1,9.3,9.5,9.5,9.5,9.4,15.2,18.0,18.2,19.9,18.8,18.8,18.9,19.1,19.3,19.7,20.2,20.8,21.4,22.0
 Saint Lucia,29.3,28.8,27.8,23.1,18.4,18.4,18.4,18.5,18.5,18.5,18.6,18.6,18.7,18.8,0.1,0.1,0.2,0.2,0.2,0.2,0.2,0.2,0.2,0.2,0.2,0.2,0.2,0.2,0.2,65.3,61.0,53.6,42.7,34.0,32.5,31.2,30.0,28.8,27.8,27.1,26.5,25.9,25.4,21.4,23.1,24.2,26.1,30.3,32.4,34.5,30.7,31.1,31.6,32.0,32.8,33.2,33.7,34.1,0.1,0.1,0.1,0.1,0.1,0.1,0.1,0.1,0.1,0.1,0.1,0.1,0.1,0.1,13.2,13.2,12.4,11.0,12.5,12.5,12.6,12.7,12.9,13.0,13.2,13.4,13.7,14.0,0.0,0.0,0.0,0.0,0.0,0.0,0.0,0.0,0.0,0.0,0.0,0.0,0.0,0.0,0.0,0.0,0.0,0.0,0.0,0.0,0.0,0.0,0.0,0.0,0.0,0.0,0.0,0.0
 Saint Vincent and the Grenadines,41.4,43.4,45.2,47.0,49.0,49.4,49.8,50.2,50.6,51.0,51.4,51.8,52.2,52.6,0.1,0.1,0.1,0.1,0.1,0.1,0.1,0.1,0.1,0.1,0.1,0.1,0.1,0.1,0.1,67.9,58.4,51.0,44.4,39.2,38.6,37.8,36.9,36.1,35.4,34.7,33.9,33.2,32.6,20.4,22.3,24.2,26.3,29.2,31.6,32.9,29.7,30.2,30.6,31.1,31.9,32.1,32.4,32.6,0.1,0.1,0.1,0.1,0.1,0.1,0.1,0.1,0.1,0.1,0.1,0.1,0.1,0.1,11.1,11.2,11.1,11.0,12.5,12.6,12.8,13.1,13.4,13.8,13.9,14.0,14.1,14.3,0.0,0.0,0.0,0.0,0.0,0.0,0.0,0.0,0.0,0.0,0.0,0.0,0.0,0.0,0.0,0.0,0.0,0.0,0.0,0.0,0.0,0.0,0.0,0.0,0.0,0.0,0.0,0.0
 Samoa,21.2,21.5,22.0,21.2,20.1,19.9,19.6,19.4,19.1,18.9,18.7,18.5,18.2,18.1,0.2,0.2,0.2,0.2,0.2,0.2,0.2,0.2,0.2,0.2,0.2,0.2,0.2,0.2,0.2,72.4,73.8,74.3,71.2,67.5,67.0,66.8,66.9,67.6,68.5,68.1,67.9,67.4,66.2,18.7,19.1,19.5,20.3,20.8,20.9,21.8,20.8,20.8,20.9,20.9,21.1,21.3,21.4,21.6,0.1,0.1,0.1,0.1,0.1,0.1,0.1,0.1,0.1,0.1,0.1,0.1,0.1,0.1,6.9,7.5,8.0,8.5,8.8,8.6,8.5,8.3,8.1,8.0,8.1,8.3,8.4,8.6,0.0,0.0,0.0,0.0,0.0,0.0,0.0,0.0,0.0,0.0,0.0,0.0,0.0,0.0,0.0,0.0,0.0,0.0,0.0,0.0,0.0,0.0,0.0,0.0,0.0,0.0,0.0,0.0
 Saudi Arabia,76.6,78.7,79.8,81.0,82.1,82.3,82.5,82.7,83.0,83.2,83.4,83.6,83.8,84.1,16.2,18.6,20.7,23.8,27.4,28.3,29.2,30.1,30.9,31.7,32.4,33.1,33.7,34.3,39.3,76.1,75.5,65.2,53.6,44.1,42.0,40.2,38.7,37.4,36.3,35.8,35.3,34.9,34.7,19.5,19.4,21.3,23.7,26.0,30.0,31.8,26.8,27.6,28.4,29.2,30.4,30.7,31.1,31.4,9.0,10.3,12.1,15.0,18.5,19.3,20.2,21.0,21.8,22.6,23.2,23.7,24.1,24.6,5.1,5.3,5.1,4.7,4.4,4.3,4.2,4.2,4.2,4.2,4.4,4.5,4.6,4.8,2.7,2.7,2.7,2.7,2.9,2.9,3.0,3.0,3.0,3.0,3.0,3.0,3.0,3.0,0.5,0.5,0.6,0.7,0.8,0.8,0.9,0.9,0.9,1.0,1.0,1.1,1.1,1.2
 Senegal,38.9,39.6,40.3,41.7,43.8,44.2,44.6,45.0,45.4,45.9,46.3,46.7,47.2,47.7,7.5,8.7,9.8,11.1,12.7,13.0,13.4,13.8,14.2,14.6,15.0,15.4,15.9,16.3,21.6,93.3,89.7,85.8,82.5,81.6,81.7,81.7,81.6,81.5,81.3,81.0,80.5,79.9,79.2,16.5,16.9,17.3,17.8,18.0,18.1,18.5,18.0,18.0,18.1,18.1,18.2,18.3,18.3,18.4,3.8,4.4,5.1,5.9,6.8,6.9,7.1,7.4,7.6,7.8,8.0,8.3,8.5,8.8,5.9,6.1,6.2,6.1,5.9,5.9,5.8,5.8,5.8,5.7,5.7,5.7,5.7,5.7,1.4,1.5,1.7,1.8,2.1,2.2,2.3,2.3,2.4,2.4,2.5,2.5,2.6,2.6,0.2,0.3,0.3,0.4,0.4,0.4,0.4,0.4,0.4,0.4,0.5,0.5,0.5,0.5
 Serbia,50.4,51.7,52.8,53.9,55.0,55.2,55.4,55.5,55.6,55.7,55.8,55.9,56.1,56.3,9.5,9.9,9.5,9.2,9.0,9.0,8.9,8.9,8.9,8.9,8.9,8.8,8.8,8.8,8.3,35.7,33.2,31.1,28.0,25.5,25.1,24.8,24.6,24.3,24.2,24.0,23.9,23.8,23.6,33.2,34.1,36.1,37.2,38.7,40.5,41.6,39.1,39.4,39.8,40.1,40.7,40.9,41.2,41.4,6.3,6.6,6.3,6.1,6.1,6.1,6.1,6.0,6.0,5.9,5.9,5.9,5.8,5.8,14.4,17.2,20.5,21.5,21.7,22.2,22.8,23.6,24.4,25.4,26.2,27.0,27.8,28.5,0.7,0.7,0.6,0.5,0.5,0.5,0.5,0.5,0.4,0.4,0.4,0.4,0.4,0.4,0.9,1.1,1.3,1.3,1.3,1.3,1.4,1.4,1.5,1.5,1.5,1.6,1.6,1.6
 Seychelles,49.3,49.6,50.4,51.7,53.3,53.7,54.1,54.5,55.0,55.4,55.8,56.3,56.7,57.1,0.1,0.1,0.1,0.1,0.1,0.1,0.1,0.1,0.1,0.1,0.1,0.1,0.1,0.1,0.1,62.3,50.7,45.0,36.7,32.8,32.8,32.7,32.8,33.0,33.4,33.6,34.0,34.4,34.7,21.9,24.5,26.2,28.9,31.3,32.8,34.2,31.6,31.9,32.2,32.5,33.1,33.4,33.6,33.9,0.0,0.0,0.1,0.1,0.1,0.1,0.1,0.1,0.1,0.1,0.1,0.1,0.1,0.1,11.5,11.3,12.0,10.3,10.9,10.8,10.7,10.5,10.4,10.4,10.5,10.8,11.0,11.4,0.0,0.0,0.0,0.0,0.0,0.0,0.0,0.0,0.0,0.0,0.0,0.0,0.0,0.0,0.0,0.0,0.0,0.0,0.0,0.0,0.0,0.0,0.0,0.0,0.0,0.0,0.0,0.0
 Sierra Leone,33.3,34.4,35.6,36.9,38.9,39.2,39.6,40.0,40.4,40.8,41.2,41.6,42.1,42.5,4.3,4.3,4.6,5.6,6.4,6.6,6.7,6.9,7.0,7.2,7.3,7.5,7.7,7.8,9.6,83.7,84.8,84.1,82.4,79.8,79.4,78.8,77.9,77.0,76.1,75.2,74.3,73.4,72.3,18.0,17.7,17.7,17.9,18.2,18.7,19.4,18.3,18.4,18.5,18.6,18.8,19.0,19.1,19.3,2.3,2.2,2.4,3.0,3.5,3.5,3.6,3.7,3.8,4.0,4.1,4.2,4.3,4.4,6.9,6.6,6.3,5.9,5.7,5.7,5.6,5.6,5.5,5.4,5.4,5.4,5.3,5.2,0.8,0.8,0.8,1.0,1.1,1.1,1.1,1.1,1.1,1.1,1.1,1.1,1.1,1.1,0.2,0.1,0.2,0.2,0.2,0.2,0.2,0.2,0.2,0.2,0.2,0.2,0.2,0.2
 Singapore,100.0,100.0,100.0,100.0,100.0,100.0,100.0,100.0,100.0,100.0,100.0,100.0,100.0,100.0,3.0,3.5,4.0,4.3,5.1,5.3,5.4,5.5,5.5,5.6,5.7,5.7,5.8,5.8,6.3,29.4,27.8,25.0,22.8,17.8,17.5,17.2,16.9,16.5,16.1,15.8,15.8,16.1,16.4,29.3,32.4,34.8,36.4,37.9,39.7,42.2,38.3,38.6,39.0,39.3,40.2,40.7,41.2,41.7,2.2,2.6,3.0,3.2,4.0,4.1,4.2,4.3,4.3,4.4,4.4,4.4,4.4,4.4,7.7,8.0,8.5,9.5,9.2,9.7,10.3,10.7,11.1,11.6,12.5,13.7,15.0,16.5,0.2,0.3,0.2,0.2,0.2,0.2,0.2,0.2,0.2,0.2,0.2,0.2,0.2,0.3,0.2,0.2,0.3,0.3,0.4,0.4,0.4,0.5,0.5,0.5,0.6,0.6,0.7,0.7
 Slovakia,56.5,56.5,56.2,55.6,54.7,54.4,54.3,54.1,54.0,53.9,53.8,53.8,53.7,53.7,5.3,5.4,5.4,5.4,5.4,5.4,5.4,5.4,5.4,5.4,5.4,5.4,5.5,5.5,5.4,39.4,34.3,28.6,23.5,21.2,21.2,21.2,21.2,21.4,21.6,21.7,22.0,22.4,22.7,31.2,32.4,33.9,35.4,37.3,39.2,41.2,37.7,38.1,38.4,38.8,39.6,40.0,40.4,40.8,3.4,3.6,3.7,3.9,3.9,3.9,3.9,3.9,3.9,3.8,3.8,3.8,3.8,3.7,15.9,16.1,16.4,16.3,17.2,17.7,18.1,18.6,19.2,19.9,20.7,21.7,22.7,23.7,0.4,0.4,0.3,0.3,0.3,0.3,0.3,0.3,0.3,0.3,0.3,0.3,0.3,0.3,0.5,0.6,0.6,0.6,0.7,0.7,0.7,0.7,0.7,0.8,0.8,0.8,0.9,0.9
 Slovenia,50.4,50.6,50.8,51.5,52.7,52.9,53.1,53.3,53.6,53.8,54.0,54.3,54.5,54.8,2.0,2.0,2.0,2.0,2.0,2.1,2.1,2.1,2.1,2.1,2.1,2.1,2.1,2.1,2.1,30.2,26.2,22.5,19.8,20.2,20.6,20.9,21.1,21.4,21.8,22.1,22.6,23.0,23.3,34.2,36.2,38.1,40.1,41.6,43.0,44.5,41.9,42.2,42.4,42.7,43.3,43.6,43.9,44.2,1.4,1.4,1.4,1.4,1.4,1.4,1.4,1.4,1.4,1.4,1.4,1.4,1.4,1.3,15.5,17.7,20.1,22.0,24.1,24.5,24.9,25.4,26.0,26.8,27.7,28.8,30.0,31.2,0.1,0.1,0.1,0.1,0.1,0.1,0.1,0.1,0.1,0.1,0.1,0.1,0.1,0.1,0.2,0.2,0.3,0.3,0.3,0.3,0.4,0.4,0.4,0.4,0.4,0.4,0.4,0.4
 Solomon Islands,13.7,14.7,15.8,17.8,20.0,20.5,21.0,21.4,21.9,22.4,22.8,23.3,23.7,24.2,0.3,0.4,0.4,0.5,0.5,0.5,0.6,0.6,0.6,0.6,0.6,0.6,0.7,0.7,0.9,87.8,80.2,75.9,74.2,72.9,72.6,72.5,72.4,72.3,72.1,72.2,72.0,71.7,71.4,17.0,17.9,18.7,19.1,19.5,19.6,19.9,19.5,19.5,19.6,19.6,19.7,19.7,19.8,19.8,0.2,0.2,0.2,0.3,0.3,0.3,0.3,0.3,0.3,0.3,0.3,0.4,0.4,0.4,5.4,5.0,5.2,5.4,6.0,6.1,6.1,6.2,6.2,6.3,6.3,6.4,6.4,6.5,0.1,0.1,0.1,0.1,0.1,0.1,0.1,0.1,0.1,0.1,0.1,0.1,0.1,0.1,0.0,0.0,0.0,0.0,0.0,0.0,0.0,0.0,0.0,0.0,0.0,0.0,0.0,0.0
 Somalia,29.7,31.4,33.2,36.3,39.3,41.0,41.6,42.1,42.7,43.2,43.8,44.4,45.0,45.6,7.2,7.5,8.9,10.4,12.0,12.4,12.7,13.1,13.4,13.8,14.2,14.6,15.0,15.4,21.2,83.6,87.5,94.1,96.8,98.0,97.9,97.3,96.3,95.2,94.3,93.5,92.8,92.1,91.4,17.8,17.3,16.5,16.1,15.9,16.2,16.7,16.0,16.0,16.1,16.1,16.3,16.4,16.5,16.6,3.8,3.9,4.5,5.2,5.9,6.1,6.3,6.5,6.7,6.9,7.1,7.4,7.6,7.8,5.6,5.3,5.2,5.3,5.5,5.5,5.6,5.6,5.6,5.6,5.6,5.7,5.7,5.7,1.3,1.4,1.8,2.0,2.3,2.3,2.4,2.4,2.4,2.5,2.5,2.6,2.7,2.7,0.2,0.2,0.2,0.3,0.3,0.3,0.3,0.4,0.4,0.4,0.4,0.4,0.4,0.4
 South Africa,52.0,54.5,56.9,59.5,62.2,62.7,63.3,63.8,64.3,64.8,65.3,65.8,66.4,66.9,36.8,41.4,45.0,47.9,51.2,52.0,52.8,53.7,54.5,55.4,56.2,57.0,57.8,58.6,66.0,71.8,64.0,55.0,47.9,45.2,45.2,45.0,44.8,44.7,44.6,44.5,44.4,44.3,44.1,19.8,21.3,22.6,23.8,25.0,26.4,27.6,25.3,25.6,25.8,26.1,26.6,26.9,27.1,27.4,20.6,24.2,27.7,30.9,33.6,34.1,34.7,35.3,35.8,36.4,36.9,37.4,37.9,38.4,7.1,7.4,7.3,7.1,7.2,7.3,7.4,7.5,7.5,7.7,7.8,8.0,8.1,8.3,5.4,5.1,4.9,4.9,5.5,5.7,5.8,5.8,5.8,5.8,5.8,5.8,5.8,5.8,1.5,1.8,2.0,2.2,2.4,2.5,2.6,2.6,2.7,2.8,2.9,3.0,3.1,3.2
 South Sudan,13.3,15.9,16.5,17.2,17.9,18.0,18.2,18.4,18.6,18.9,19.1,19.3,19.6,19.9,5.5,5.1,6.2,7.5,9.5,9.8,10.1,10.4,10.6,10.7,10.8,10.9,11.0,11.1,13.8,83.6,84.6,86.0,84.3,81.9,81.6,81.1,80.4,79.5,78.5,77.8,77.1,76.3,75.5,17.8,17.7,17.6,17.7,18.0,18.4,19.0,18.1,18.2,18.2,18.3,18.5,18.6,18.8,18.9,2.9,2.7,3.2,4.0,5.1,5.2,5.4,5.5,5.7,5.8,5.9,5.9,6.0,6.1,5.3,5.6,5.9,6.1,6.3,6.3,6.3,6.4,6.3,6.3,6.3,6.3,6.2,6.1,1.0,0.9,1.1,1.3,1.6,1.6,1.7,1.7,1.7,1.7,1.7,1.7,1.7,1.7,0.2,0.2,0.2,0.2,0.3,0.3,0.3,0.4,0.4,0.4,0.4,0.4,0.4,0.4
 Spain,75.4,75.9,76.3,77.3,78.4,78.7,78.9,79.1,79.4,79.6,79.8,80.1,80.3,80.6,39.2,39.8,40.8,44.0,46.9,47.1,47.1,46.9,46.8,46.7,46.6,46.6,46.7,46.7,46.2,30.0,24.4,21.5,20.6,21.7,22.1,22.2,22.3,22.3,22.4,22.3,22.2,22.2,22.2,33.4,35.5,37.6,39.1,40.0,42.5,44.9,40.5,41.0,41.5,42.0,43.0,43.5,43.9,44.4,26.1,27.1,28.0,30.4,32.0,31.9,31.7,31.5,31.2,31.0,30.9,30.9,30.8,30.7,20.1,22.1,24.3,24.1,25.0,25.6,26.2,26.8,27.4,28.1,28.5,28.9,29.4,29.9,2.1,1.9,1.9,2.2,2.5,2.6,2.5,2.4,2.3,2.2,2.1,2.0,2.0,2.0,5.2,6.0,6.8,7.3,8.0,8.2,8.3,8.4,8.6,8.7,8.8,8.9,9.0,9.2
 Sri Lanka,18.5,18.5,18.4,18.3,18.2,18.2,18.2,18.2,18.2,18.3,18.3,18.4,18.5,18.6,17.3,18.2,18.8,19.5,20.3,20.4,20.5,20.7,20.8,20.9,21.0,21.1,21.2,21.3,22.0,51.4,45.8,39.9,37.9,37.8,37.7,37.7,37.7,37.7,37.6,37.5,37.3,37.0,36.7,24.2,25.8,27.6,29.0,30.4,32.3,34.0,30.8,31.2,31.5,31.9,32.6,33.0,33.3,33.7,10.8,11.8,12.6,13.2,13.6,13.7,13.7,13.7,13.7,13.8,13.8,13.8,13.9,13.9,8.8,9.4,9.3,10.1,11.1,11.6,12.3,12.9,13.6,14.3,14.9,15.5,16.0,16.6,1.8,1.7,1.6,1.7,1.8,1.8,1.8,1.8,1.7,1.7,1.7,1.7,1.7,1.7,0.9,1.1,1.2,1.3,1.5,1.6,1.7,1.8,1.9,2.0,2.1,2.1,2.2,2.3
 Sudan,28.6,32.2,32.5,32.8,33.1,33.2,33.3,33.5,33.7,33.9,34.1,34.4,34.6,34.9,20.1,24.1,27.3,30.9,34.5,35.4,36.2,37.1,38.0,38.9,39.8,40.8,41.8,42.8,55.3,88.3,83.7,82.4,81.4,80.0,79.3,78.4,77.5,76.4,75.4,74.5,73.5,72.5,71.4,17.0,17.7,17.9,18.1,18.3,18.9,19.7,18.4,18.5,18.7,18.8,19.1,19.2,19.4,19.5,10.4,12.7,14.5,16.5,18.6,19.1,19.6,20.2,20.8,21.4,22.0,22.7,23.4,24.1,5.7,5.7,5.8,5.8,6.1,6.1,6.2,6.2,6.2,6.3,6.3,6.4,6.4,6.5,3.5,4.2,4.7,5.2,5.6,5.6,5.7,5.8,5.8,5.9,6.0,6.1,6.2,6.2,0.6,0.7,0.8,1.0,1.1,1.2,1.2,1.3,1.3,1.3,1.4,1.4,1.5,1.6
 Suriname,65.7,66.1,66.4,66.7,66.3,66.3,66.2,66.1,66.1,66.1,66.0,66.0,66.1,66.1,0.4,0.4,0.5,0.5,0.5,0.5,0.5,0.5,0.6,0.6,0.6,0.6,0.6,0.6,0.6,56.2,57.2,52.9,49.9,45.6,44.9,44.3,43.7,43.2,42.6,42.2,41.7,41.2,40.7,22.6,23.6,24.8,25.5,26.7,27.9,29.0,26.9,27.2,27.4,27.7,28.1,28.3,28.6,28.8,0.2,0.3,0.3,0.3,0.3,0.3,0.4,0.4,0.4,0.4,0.4,0.4,0.4,0.4,7.8,8.5,8.9,9.4,9.6,9.7,9.8,9.9,10.0,10.1,10.2,10.3,10.5,10.6,0.1,0.1,0.1,0.1,0.1,0.1,0.1,0.1,0.1,0.1,0.1,0.1,0.1,0.1,0.0,0.0,0.0,0.0,0.0,0.0,0.0,0.0,0.0,0.0,0.0,0.0,0.0,0.0
 Sweden,83.1,83.8,84.0,84.3,85.1,85.3,85.6,85.9,86.2,86.6,86.9,87.1,87.4,87.7,8.6,8.8,8.9,9.0,9.4,9.5,9.5,9.6,9.7,9.8,9.8,9.9,10.0,10.0,10.6,27.9,29.6,28.7,26.7,25.3,25.4,25.8,26.3,26.9,27.4,27.7,28.0,28.2,28.3,38.4,38.5,39.4,40.3,40.7,40.9,41.1,40.7,40.8,40.8,40.9,40.9,41.0,41.0,41.1,5.5,5.6,5.7,5.9,6.1,6.2,6.2,6.2,6.2,6.2,6.2,6.2,6.2,6.2,27.7,27.5,26.9,26.5,27.9,28.5,29.1,29.9,30.5,31.1,31.6,32.0,32.2,32.5,0.6,0.6,0.5,0.5,0.6,0.6,0.6,0.6,0.6,0.6,0.6,0.6,0.6,0.6,1.5,1.5,1.5,1.6,1.7,1.8,1.8,1.8,1.9,1.9,2.0,2.0,2.0,2.0
 Switzerland,73.9,73.7,73.4,73.5,73.6,73.6,73.7,73.7,73.7,73.7,73.7,73.8,73.8,73.8,6.7,7.0,7.1,7.4,7.8,7.9,8.0,8.1,8.2,8.3,8.4,8.5,8.5,8.6,9.2,24.9,26.1,25.9,24.0,22.1,22.0,21.9,21.9,21.9,22.0,22.2,22.3,22.4,22.6,36.9,37.2,38.6,40.0,41.5,42.2,43.1,41.6,41.8,41.9,42.1,42.4,42.6,42.7,42.9,4.5,4.7,4.8,5.0,5.3,5.4,5.4,5.5,5.5,5.6,5.6,5.6,5.7,5.7,21.3,21.7,22.7,23.2,24.8,25.2,25.6,26.0,26.4,26.8,27.2,27.6,28.0,28.4,0.4,0.4,0.4,0.4,0.4,0.4,0.4,0.4,0.4,0.4,0.4,0.4,0.4,0.4,1.0,1.0,1.1,1.2,1.3,1.4,1.4,1.4,1.5,1.5,1.5,1.6,1.6,1.6
 Syrian Arab Republic,48.9,50.1,51.9,53.8,55.6,54.6,53.6,52.5,51.5,52.2,52.8,53.5,54.2,54.8,12.4,14.3,16.4,18.4,21.4,21.1,20.4,19.6,18.7,18.0,17.5,17.1,16.9,17.1,26.7,94.3,83.0,73.7,68.6,63.2,61.7,59.7,57.2,54.6,52.5,51.0,49.8,49.0,48.3,16.3,17.5,18.7,19.6,21.1,23.6,25.6,21.6,22.1,22.6,23.1,24.0,24.4,24.8,25.2,6.2,7.6,9.1,10.5,12.6,12.6,12.3,12.0,11.6,11.3,11.1,10.9,10.9,11.0,6.1,6.0,6.0,5.9,5.8,5.9,6.0,6.1,6.2,6.3,6.5,6.8,7.0,7.3,2.1,2.2,2.4,2.6,2.9,2.9,2.7,2.5,2.2,2.1,1.9,1.8,1.8,1.8,0.4,0.5,0.5,0.6,0.7,0.7,0.7,0.7,0.7,0.7,0.7,0.7,0.8,0.8
 Tajikistan,31.7,28.9,26.5,26.5,26.5,26.5,26.5,26.6,26.7,26.7,26.9,27.0,27.1,27.3,5.3,5.8,6.2,6.8,7.5,7.7,7.9,8.1,8.3,8.5,8.7,8.9,9.1,9.3,11.6,83.7,85.4,78.9,65.4,58.5,58.2,57.9,57.9,58.1,58.5,59.3,60.2,61.1,61.9,18.1,17.8,18.3,19.8,21.3,22.0,22.4,21.4,21.6,21.7,21.9,22.1,22.2,22.2,22.3,2.8,3.0,3.3,4.0,4.6,4.7,4.8,5.0,5.1,5.2,5.3,5.4,5.5,5.6,7.3,7.4,6.7,6.5,5.4,5.2,5.1,5.0,4.9,4.8,4.9,4.9,5.0,5.2,0.9,0.9,0.9,0.9,1.0,1.0,1.1,1.1,1.2,1.2,1.3,1.3,1.3,1.3,0.2,0.2,0.2,0.3,0.2,0.2,0.2,0.2,0.2,0.2,0.3,0.3,0.3,0.3
 Tanzania (United Republic of),18.9,20.5,22.3,24.8,28.1,28.8,29.5,30.2,30.9,31.6,32.3,33.1,33.8,34.5,25.2,29.6,33.5,38.5,44.3,45.7,47.1,48.5,50.0,51.5,53.0,54.7,56.3,58.0,79.2,88.5,86.9,85.0,84.9,85.2,85.3,85.3,85.2,85.0,84.7,84.1,83.5,82.7,81.9,17.0,17.2,17.4,17.4,17.4,17.6,18.0,17.4,17.5,17.5,17.6,17.7,17.8,17.8,17.9,13.0,15.4,17.6,20.3,23.3,24.0,24.8,25.5,26.3,27.2,28.1,29.0,30.0,31.1,5.1,5.0,4.9,4.8,4.7,4.7,4.8,4.8,4.8,4.8,4.8,4.9,4.9,4.9,4.6,5.3,5.8,6.8,7.9,8.1,8.3,8.4,8.6,8.8,8.9,9.1,9.3,9.5,0.7,0.8,0.9,1.0,1.1,1.1,1.2,1.2,1.3,1.3,1.4,1.4,1.5,1.5
 Thailand,29.4,30.3,31.4,37.4,43.9,44.7,45.4,46.2,46.9,47.7,48.4,49.2,49.9,50.7,56.6,59.5,63.0,65.4,67.2,67.5,67.8,68.1,68.4,68.7,69.0,69.2,69.4,69.6,70.3,46.3,40.2,34.5,30.0,26.7,26.4,26.1,25.8,25.5,25.2,24.7,24.4,24.1,23.8,24.3,26.6,30.2,32.8,35.5,37.9,40.1,36.0,36.5,36.9,37.4,38.3,38.8,39.2,39.7,36.9,40.1,43.7,46.4,48.3,48.5,48.7,48.8,49.0,49.1,49.2,49.3,49.3,49.3,6.9,8.1,9.4,10.9,12.4,12.8,13.2,13.7,14.3,14.8,15.4,16.1,16.8,17.5,5.4,5.1,4.7,4.2,4.0,4.0,4.0,4.0,3.9,3.8,3.8,3.7,3.7,3.6,2.6,3.3,4.1,5.1,6.0,6.2,6.4,6.7,7.0,7.3,7.6,7.9,8.3,8.6
 Timor-Leste,20.8,22.5,24.3,26.0,27.7,28.1,28.4,28.8,29.1,29.5,29.8,30.2,30.6,30.9,0.7,0.8,0.9,1.0,1.1,1.1,1.1,1.2,1.2,1.2,1.2,1.2,1.3,1.3,1.6,64.6,74.4,86.8,86.5,79.6,77.4,75.6,73.9,72.2,70.4,68.5,66.8,65.2,63.8,20.6,20.4,17.6,17.6,18.2,19.6,20.8,18.5,18.8,19.0,19.3,19.8,20.1,20.3,20.6,0.4,0.5,0.5,0.5,0.6,0.6,0.6,0.6,0.7,0.7,0.7,0.7,0.7,0.8,5.2,5.8,6.6,7.2,7.6,7.7,7.8,7.8,7.9,7.8,7.7,7.6,7.5,7.3,0.1,0.1,0.2,0.2,0.2,0.2,0.2,0.2,0.2,0.2,0.2,0.2,0.2,0.2,0.0,0.0,0.0,0.0,0.0,0.0,0.0,0.1,0.1,0.1,0.1,0.1,0.1,0.1
 Togo,28.6,30.7,32.9,35.2,37.5,38.0,38.5,39.1,39.6,40.1,40.6,41.2,41.7,42.2,3.8,4.2,4.9,5.6,6.4,6.6,6.8,7.0,7.1,7.3,7.5,7.7,7.9,8.1,10.4,90.3,87.8,80.3,78.6,78.5,78.4,78.2,77.8,77.2,76.5,75.8,75.0,74.1,73.1,16.8,17.1,18.0,18.3,18.5,18.8,19.4,18.6,18.6,18.7,18.7,18.9,19.0,19.2,19.3,1.9,2.2,2.7,3.1,3.5,3.6,3.7,3.8,3.9,4.0,4.2,4.3,4.4,4.5,5.8,5.8,5.3,5.1,5.0,5.0,5.1,5.1,5.1,5.1,5.1,5.1,5.1,5.1,0.7,0.7,0.8,0.9,1.1,1.1,1.1,1.1,1.1,1.1,1.2,1.2,1.2,1.2,0.1,0.1,0.1,0.2,0.2,0.2,0.2,0.2,0.2,0.2,0.2,0.2,0.2,0.2
 Tonga,22.7,22.9,23.0,23.2,23.4,23.4,23.4,23.4,23.3,23.3,23.2,23.2,23.1,23.1,0.1,0.1,0.1,0.1,0.1,0.1,0.1,0.1,0.1,0.1,0.1,0.1,0.1,0.1,0.1,70.2,72.0,68.8,68.4,65.8,65.2,64.8,64.3,63.8,63.2,62.4,61.4,60.4,59.5,19.7,19.8,19.9,21.0,21.2,21.9,22.4,21.3,21.5,21.6,21.8,22.0,22.1,22.2,22.3,0.1,0.1,0.1,0.1,0.1,0.1,0.1,0.1,0.1,0.1,0.1,0.1,0.1,0.1,7.8,9.5,10.0,10.6,10.1,10.1,10.1,10.2,10.3,10.4,10.3,10.2,10.2,10.1,0.0,0.0,0.0,0.0,0.0,0.0,0.0,0.0,0.0,0.0,0.0,0.0,0.0,0.0,0.0,0.0,0.0,0.0,0.0,0.0,0.0,0.0,0.0,0.0,0.0,0.0,0.0,0.0
 Trinidad and Tobago,54.1,55.0,55.9,55.0,54.0,53.8,53.7,53.5,53.4,53.3,53.2,53.2,53.2,53.2,1.2,1.3,1.3,1.3,1.3,1.3,1.3,1.4,1.4,1.4,1.4,1.4,1.4,1.4,1.4,55.4,48.7,37.7,30.8,29.2,29.2,29.3,29.5,29.6,29.7,29.7,29.7,29.7,29.5,24.1,25.7,27.7,29.8,31.9,33.8,36.2,32.3,32.7,33.0,33.4,34.3,34.8,35.2,35.7,0.7,0.8,0.9,0.9,0.9,0.9,0.9,1.0,1.0,1.0,1.0,1.0,1.0,1.0,9.4,9.5,9.5,10.2,11.7,12.1,12.5,12.9,13.4,13.9,14.4,15.0,15.6,16.2,0.1,0.1,0.1,0.1,0.1,0.1,0.1,0.1,0.1,0.1,0.1,0.1,0.1,0.1,0.1,0.1,0.1,0.1,0.1,0.1,0.1,0.1,0.1,0.1,0.1,0.1,0.1,0.2
 Tunisia,57.9,61.5,63.4,65.2,66.7,66.9,67.2,67.5,67.8,68.1,68.3,68.6,68.9,69.3,8.2,9.1,9.7,10.1,10.6,10.7,10.8,11.0,11.1,11.2,11.3,11.4,11.6,11.7,12.8,64.3,55.7,46.4,38.0,33.7,33.6,33.7,34.0,34.4,34.7,35.2,35.5,35.8,36.1,21.3,23.1,25.1,27.2,29.3,31.3,32.8,29.7,30.1,30.5,30.9,31.6,31.9,32.2,32.5,4.8,5.5,6.2,6.8,7.4,7.4,7.5,7.6,7.6,7.7,7.7,7.8,7.8,7.9,8.4,9.2,10.6,11.0,10.8,10.8,10.8,10.9,11.0,11.2,11.5,11.9,12.3,12.8,1.1,1.0,0.8,0.8,0.9,0.9,0.9,1.0,1.0,1.0,1.0,1.0,1.0,1.0,0.4,0.5,0.7,0.7,0.8,0.8,0.8,0.8,0.8,0.9,0.9,0.9,1.0,1.0
 Turkey,59.2,62.1,64.7,67.8,70.8,71.4,72.0,72.5,73.1,73.6,74.1,74.6,75.1,75.6,53.9,58.5,63.2,67.9,72.3,73.4,74.7,75.9,77.2,78.5,79.8,81.1,82.3,83.4,89.2,60.1,53.5,48.3,44.2,40.8,40.3,39.9,39.4,38.9,38.5,38.0,37.5,36.9,36.3,22.1,23.5,24.9,26.6,28.3,29.9,31.5,28.6,28.9,29.3,29.6,30.2,30.5,30.9,31.2,32.1,36.1,40.0,43.9,47.7,48.5,49.4,50.4,51.3,52.2,53.2,54.1,55.1,55.9,7.7,8.4,9.6,10.3,10.9,11.1,11.2,11.4,11.6,11.8,12.1,12.4,12.7,13.0,6.6,6.4,6.6,6.5,6.4,6.5,6.6,6.6,6.7,6.8,6.8,6.8,6.7,6.7,2.5,3.0,3.9,4.5,5.2,5.4,5.5,5.7,5.9,6.2,6.4,6.7,7.0,7.3
 Turkmenistan,45.1,44.8,45.9,47.1,48.5,48.8,49.2,49.5,49.9,50.3,50.7,51.2,51.6,52.0,3.7,4.2,4.5,4.8,5.1,5.2,5.3,5.4,5.5,5.6,5.7,5.8,5.9,5.9,6.8,72.9,70.0,61.0,51.9,44.5,44.0,44.4,45.2,46.0,46.5,47.4,47.7,47.6,47.6,19.6,20.1,21.7,23.0,24.4,25.6,26.9,24.6,24.9,25.1,25.4,25.9,26.1,26.4,26.6,2.0,2.4,2.7,3.0,3.4,3.4,3.5,3.5,3.6,3.6,3.7,3.7,3.8,3.8,6.8,7.3,7.2,7.3,6.2,6.2,6.1,6.1,6.1,6.2,6.4,6.6,6.8,7.1,0.6,0.6,0.5,0.5,0.5,0.5,0.6,0.6,0.7,0.7,0.7,0.7,0.7,0.7,0.1,0.2,0.2,0.2,0.2,0.2,0.2,0.2,0.2,0.2,0.2,0.2,0.3,0.3
 Ukraine,66.8,67.0,67.1,67.8,68.6,68.7,68.8,68.9,69.0,69.1,69.2,69.2,69.4,69.5,51.5,50.9,48.8,46.9,45.8,45.6,45.5,45.3,45.1,44.9,44.7,44.5,44.2,44.0,40.9,31.8,29.8,24.8,21.0,20.1,20.5,20.9,21.2,21.6,22.1,22.5,22.9,23.3,23.7,35.3,36.4,37.8,39.1,39.5,40.0,41.2,39.6,39.7,39.8,39.9,40.2,40.5,40.7,41.0,34.4,33.9,33.7,32.6,32.1,31.9,31.7,31.5,31.3,31.0,30.7,30.3,30.0,29.6,18.0,20.3,20.0,22.9,22.4,22.4,22.4,22.4,22.5,22.7,23.1,23.7,24.3,24.8,3.5,2.8,2.2,2.0,2.4,2.5,2.5,2.5,2.5,2.5,2.4,2.3,2.3,2.2,6.2,6.9,6.7,7.5,7.2,7.1,7.1,7.1,7.0,7.0,7.1,7.2,7.3,7.3
 United Arab Emirates,79.1,78.3,80.2,82.3,84.1,84.4,84.7,85.1,85.4,85.7,86.0,86.2,86.5,86.8,1.8,2.4,3.1,4.6,8.6,8.9,9.1,9.2,9.2,9.3,9.4,9.5,9.6,9.8,10.7,45.9,38.2,35.7,22.7,15.3,15.6,15.9,16.1,16.4,16.7,17.0,17.2,17.4,17.5,26.6,27.7,28.0,29.7,31.8,32.6,32.6,32.0,32.1,32.3,32.4,32.6,32.6,32.6,32.6,1.2,1.7,2.3,3.7,7.4,7.7,7.8,7.9,7.8,7.9,7.9,8.0,8.1,8.2,1.8,1.5,1.5,1.1,0.8,0.9,0.9,1.0,1.1,1.1,1.2,1.2,1.3,1.4,0.2,0.2,0.3,0.3,0.4,0.5,0.5,0.5,0.5,0.5,0.5,0.5,0.5,0.5,0.0,0.0,0.0,0.0,0.1,0.1,0.1,0.1,0.1,0.1,0.1,0.1,0.1,0.1
 United Kingdom,78.1,78.4,78.7,79.9,81.3,81.6,81.8,82.1,82.4,82.6,82.9,83.1,83.4,83.7,57.1,57.9,58.9,60.3,63.5,64.0,64.5,65.0,65.4,65.9,66.3,66.7,67.1,67.5,70.5,29.1,30.1,29.2,27.2,26.5,26.7,26.9,27.0,27.1,27.2,27.4,27.5,27.7,27.7,35.8,36.5,37.6,38.7,39.5,40.0,40.5,39.6,39.7,39.8,39.9,40.1,40.2,40.3,40.4,37.3,37.5,38.3,39.8,41.8,42.0,42.2,42.3,42.4,42.5,42.6,42.8,42.9,43.1,24.1,24.6,24.4,24.3,25.1,25.6,26.2,26.8,27.4,27.9,28.3,28.5,28.8,29.0,3.8,3.8,3.6,3.5,3.9,4.0,4.1,4.1,4.1,4.1,4.0,4.0,4.0,4.0,9.0,9.2,9.4,9.7,10.5,10.8,11.0,11.3,11.6,11.8,12.0,12.2,12.4,12.5
 United States,75.3,77.3,79.1,79.9,80.8,80.9,81.1,81.3,81.5,81.7,81.9,82.1,82.3,82.5,252.1,265.2,281.7,295.0,309.0,311.6,314.0,316.4,318.7,320.9,323.0,325.1,327.1,329.1,349.6,33.0,33.7,32.9,31.3,30.2,30.0,29.8,29.5,29.3,29.1,28.8,28.7,28.6,28.4,32.8,34.0,35.2,36.1,36.9,37.6,38.3,37.0,37.2,37.3,37.5,37.7,37.9,38.0,38.2,165.6,173.2,185.8,197.1,206.5,207.9,209.2,210.3,211.3,212.2,213.0,213.7,214.2,214.7,19.2,19.4,18.7,18.4,19.4,19.9,20.4,20.9,21.5,22.1,22.8,23.5,24.1,24.8,19.2,20.0,19.6,20.3,20.9,20.9,20.7,20.4,20.2,19.9,19.6,19.5,19.5,19.6,31.8,33.6,34.7,36.3,40.1,41.3,42.6,44.0,45.5,47.0,48.6,50.1,51.7,53.3
 Uruguay,89.0,90.5,92.0,93.3,94.4,94.6,94.7,94.8,94.9,95.0,95.1,95.2,95.3,95.4,3.1,3.2,3.3,3.3,3.4,3.4,3.4,3.4,3.4,3.4,3.4,3.4,3.4,3.5,3.6,41.7,40.0,39.3,37.8,34.8,34.3,33.8,33.4,33.1,32.7,32.5,32.2,31.9,31.7,30.7,31.1,31.6,32.7,33.9,35.0,35.8,34.1,34.3,34.6,34.8,35.2,35.3,35.5,35.6,1.9,2.0,2.1,2.1,2.1,2.2,2.2,2.2,2.2,2.2,2.2,2.2,2.2,2.2,18.7,19.9,21.0,21.6,21.9,22.0,22.1,22.2,22.4,22.5,22.6,22.8,22.9,23.1,0.3,0.3,0.3,0.3,0.2,0.2,0.2,0.2,0.2,0.2,0.2,0.2,0.2,0.2,0.4,0.4,0.4,0.5,0.5,0.5,0.5,0.5,0.5,0.5,0.5,0.5,0.5,0.5
 Uzbekistan,41.4,43.7,46.1,48.5,51.0,51.2,51.0,51.0,50.8,50.8,50.6,50.6,50.5,50.4,20.4,22.8,24.8,26.4,28.5,29.0,29.4,29.9,30.4,30.9,31.4,32.0,32.5,33.0,37.4,73.7,72.7,64.1,52.1,43.9,43.3,42.7,42.2,41.9,42.0,42.1,42.4,42.9,43.2,19.6,19.8,21.0,22.8,24.4,26.2,27.8,24.8,25.1,25.5,25.8,26.5,26.8,27.2,27.5,11.3,12.6,14.4,16.5,18.9,19.3,19.8,20.2,20.6,20.9,21.2,21.5,21.7,22.0,7.4,8.0,8.0,7.7,6.8,6.6,6.3,6.1,6.0,6.0,6.1,6.3,6.6,6.9,3.2,3.3,2.8,2.6,2.9,3.1,3.2,3.2,3.3,3.3,3.3,3.4,3.4,3.4,0.8,1.0,1.1,1.3,1.3,1.3,1.3,1.2,1.2,1.3,1.3,1.4,1.4,1.5
 Vanuatu,18.7,20.2,21.7,23.1,24.5,24.6,24.7,24.8,24.9,25.0,25.1,25.2,25.3,25.4,0.1,0.2,0.2,0.2,0.2,0.2,0.3,0.3,0.3,0.3,0.3,0.3,0.3,0.3,0.4,83.4,79.4,75.2,69.5,66.0,66.6,66.6,66.7,67.3,68.3,67.8,67.6,67.5,67.1,18.1,18.5,18.8,19.8,21.2,20.8,21.1,21.1,21.0,21.0,20.9,20.9,20.9,21.0,21.0,0.1,0.1,0.1,0.1,0.1,0.1,0.1,0.1,0.2,0.2,0.2,0.2,0.2,0.2,6.8,6.4,6.0,5.7,6.7,6.7,6.6,6.5,6.5,6.5,6.5,6.4,6.3,6.3,0.0,0.0,0.0,0.0,0.0,0.0,0.0,0.0,0.0,0.0,0.0,0.0,0.0,0.0,0.0,0.0,0.0,0.0,0.0,0.0,0.0,0.0,0.0,0.0,0.0,0.0,0.0,0.0
 Venezuela (Bolivarian Republic of),84.3,86.0,87.6,88.0,88.1,88.1,88.1,88.1,88.1,88.2,88.2,88.2,88.2,88.2,19.6,21.9,24.2,26.4,28.4,28.9,29.4,29.8,30.0,30.1,29.9,29.4,28.9,28.5,33.6,65.0,60.2,55.2,50.0,46.4,45.7,45.2,44.8,44.2,43.5,43.3,43.0,42.5,42.2,20.9,22.0,23.2,24.5,25.8,27.3,29.6,26.1,26.4,26.7,27.0,27.8,28.2,28.7,29.1,11.5,13.1,14.9,16.7,18.4,18.7,19.0,19.3,19.5,19.6,19.4,19.1,18.8,18.5,6.5,6.9,7.3,7.8,8.6,8.8,9.0,9.3,9.5,9.8,10.2,10.7,11.2,11.7,2.7,2.8,2.8,2.9,2.9,2.9,2.9,3.0,2.9,2.9,2.8,2.7,2.5,2.4,0.7,0.9,1.1,1.3,1.6,1.6,1.7,1.8,1.9,1.9,2.0,2.0,2.1,2.2
 Viet Nam,20.3,22.2,24.4,27.3,30.4,31.1,31.8,32.4,33.1,33.8,34.5,35.2,35.9,36.6,68.0,74.9,79.9,83.8,88.0,88.9,89.8,90.8,91.7,92.7,93.6,94.6,95.5,96.5,104.2,65.4,60.5,50.9,40.8,33.8,33.2,32.9,32.7,32.7,32.8,32.8,33.1,33.3,33.5,21.1,22.3,24.2,26.4,28.5,30.5,32.5,28.9,29.3,29.7,30.1,30.9,31.3,31.7,32.1,38.8,43.9,49.5,55.6,61.5,62.4,63.2,63.9,64.6,65.2,65.7,66.1,66.5,66.8,10.1,10.2,10.4,9.9,9.3,9.2,9.2,9.2,9.3,9.5,9.7,10.1,10.5,10.9,9.1,9.1,7.2,6.7,7.2,7.3,7.4,7.5,7.6,7.6,7.7,7.7,7.8,7.9,3.9,4.5,5.1,5.5,5.7,5.8,5.8,5.9,6.0,6.2,6.4,6.7,7.0,7.3
 Zambia,39.4,37.1,34.8,36.9,39.4,39.9,40.4,40.9,41.4,41.9,42.4,43.0,43.5,44.1,8.0,9.1,10.4,11.9,13.6,14.0,14.5,14.9,15.4,15.9,16.4,16.9,17.4,17.9,24.3,94.1,92.4,90.6,92.7,93.4,92.8,92.1,91.4,90.4,89.2,88.0,86.5,84.8,83.2,16.2,16.4,16.6,16.3,16.2,16.7,17.6,16.3,16.4,16.5,16.6,16.9,17.1,17.2,17.4,4.0,4.6,5.3,6.0,6.9,7.1,7.4,7.6,7.9,8.2,8.5,8.8,9.2,9.5,5.0,4.9,4.7,4.4,4.1,4.1,4.1,4.0,4.0,4.0,4.0,4.0,4.0,4.0,1.5,1.7,1.9,2.2,2.5,2.5,2.6,2.6,2.7,2.8,2.8,2.8,2.9,2.9,0.2,0.2,0.2,0.3,0.3,0.3,0.3,0.3,0.3,0.3,0.3,0.4,0.4,0.4
 Zimbabwe,29.0,31.7,33.8,34.1,33.2,33.0,32.8,32.7,32.5,32.4,32.3,32.2,32.2,32.2,10.4,11.4,11.9,12.1,12.7,12.9,13.1,13.3,13.6,13.8,14.0,14.2,14.4,14.6,17.6,88.6,81.3,76.6,74.4,75.2,75.7,76.3,77.0,77.6,77.9,78.3,78.2,77.6,76.8,16.9,17.6,18.2,18.3,18.6,18.4,18.7,18.6,18.5,18.5,18.4,18.5,18.5,18.6,18.6,5.4,6.1,6.5,6.7,7.0,7.1,7.2,7.3,7.4,7.5,7.6,7.8,7.9,8.0,5.2,5.2,5.4,5.6,5.6,5.5,5.4,5.3,5.3,5.2,5.3,5.3,5.4,5.4,1.8,1.7,1.7,1.8,2.0,2.1,2.1,2.2,2.2,2.3,2.3,2.3,2.2,2.1,0.3,0.3,0.4,0.4,0.4,0.4,0.4,0.4,0.4,0.4,0.4,0.4,0.4,0.4
